notification_id,enroll_id,status,user_viewed,created_date
1183,3,False,False,2024-03-11 05:36:43.918
1184,3,False,False,2023-11-20 22:46:04.493
1185,3,True,False,2024-10-08 19:42:04.746
1186,2,False,False,2024-03-18 18:47:11.576
1187,2,False,False,2023-11-04 19:12:26.495
1188,2,False,False,2024-06-10 07:14:40.530
1189,2,False,False,2024-03-31 05:46:45.121
1190,2,False,False,2024-04-06 05:53:51.695
1191,4,False,False,2023-11-29 08:11:28.652
1192,4,False,False,2023-12-24 19:03:28.788
1193,4,False,False,2024-06-13 12:25:16.524
1194,4,True,False,2024-10-08 22:23:26.367
1195,5,False,False,2024-03-08 17:31:45.792
1196,100,False,False,2024-08-30 14:21:08.547
1197,100,False,False,2024-08-16 15:14:58.051
1198,100,True,False,2024-10-08 08:17:28.350
1199,101,False,False,2023-12-04 14:49:15.669
1200,101,False,False,2024-08-14 18:17:43.988
1201,101,False,False,2024-01-14 23:34:28.427
1202,102,False,False,2024-02-08 05:28:07.174
1203,102,False,False,2024-01-07 03:19:37.836
1204,102,True,False,2024-10-08 08:11:06.673
1205,103,False,False,2024-03-30 16:36:17.678
1206,103,False,False,2024-10-05 07:45:30.865
1207,103,True,False,2024-10-08 13:27:55.926
1,4,True,False,2024-10-07 04:34:06.961
1208,104,False,False,2024-05-26 14:18:05.241
1209,104,False,False,2024-08-27 23:03:14.703
1210,104,False,False,2024-07-28 04:15:09.868
4,3,True,True,2024-10-07 05:08:31.476
1211,104,True,False,2024-10-09 04:16:19.757
1212,105,False,False,2023-11-09 22:22:10.728
1213,105,False,False,2024-09-30 07:37:20.704
1214,105,False,False,2024-03-09 18:26:33.249
1215,105,False,False,2024-09-09 20:12:34.864
1216,105,False,False,2024-07-03 16:39:31.482
2,2,False,False,2024-10-07 04:34:44.814
5,2,False,False,2024-10-07 05:50:16.120
7,2,False,False,2024-10-07 08:44:00.779
8,2,False,False,2024-10-07 08:59:13.344
9,2,,False,2024-10-07 09:00:26.444
10,3,False,False,2024-05-03 20:29:23.545
11,3,False,False,2024-03-20 00:17:21.693
12,3,True,False,2024-10-08 21:05:29.592
13,2,False,False,2024-05-30 11:12:09.485
14,2,False,False,2023-12-03 16:35:28.812
15,4,False,False,2023-12-10 11:04:55.725
16,4,False,False,2024-05-26 01:36:51.320
17,4,False,False,2024-09-02 14:15:53.202
18,4,False,False,2024-01-07 17:19:34.864
19,4,True,False,2024-10-08 09:37:42.482
20,5,False,False,2024-03-21 09:26:51.695
21,5,False,False,2024-06-28 06:26:46.098
22,5,False,False,2024-01-20 09:20:00.668
1217,105,True,False,2024-10-09 00:40:52.292
1218,106,False,False,2024-02-04 06:46:39.539
1219,106,False,False,2023-11-24 13:44:41.539
1220,106,False,False,2024-06-24 02:22:43.329
1221,106,False,False,2023-10-26 17:32:30.487
1222,106,False,False,2024-08-15 08:05:21.871
1223,107,False,False,2024-02-09 06:35:55.665
1224,107,False,False,2024-02-22 05:04:26.730
1225,107,False,False,2024-02-16 12:01:03.645
1226,107,False,False,2024-08-16 07:34:19.491
1227,107,True,False,2024-10-08 12:49:27.177
1228,108,False,False,2024-03-02 20:20:26.348
1229,108,False,False,2023-11-15 13:23:18.368
1230,108,False,False,2024-09-17 12:29:12.578
1231,108,False,False,2023-10-26 00:37:40.076
1232,108,True,False,2024-10-09 02:13:57.190
1233,109,False,False,2024-08-18 22:09:42.544
1234,109,False,False,2024-01-28 11:45:31.538
1235,109,False,False,2024-10-05 21:41:18.311
1236,109,False,False,2024-01-31 19:12:41.270
1237,110,False,False,2024-02-17 09:35:08.252
1238,110,False,False,2024-03-30 16:22:37.013
1239,110,False,False,2024-07-27 08:36:42.883
1240,110,True,False,2024-10-08 23:29:21.637
1241,111,False,False,2023-12-05 07:29:23.968
1242,111,False,False,2024-10-05 04:04:56.915
1243,111,False,False,2024-01-03 00:30:24.326
1244,111,True,False,2024-10-08 10:20:33.505
1245,112,False,False,2024-04-19 17:00:32.176
1246,112,False,False,2024-02-12 14:43:47.976
1247,112,True,False,2024-10-08 22:00:00.934
1248,113,False,False,2024-03-10 10:50:28.009
1249,113,False,False,2024-05-23 20:16:24.811
1250,114,False,False,2024-06-06 20:07:48.772
1251,114,False,False,2024-08-21 06:19:33.659
1252,114,False,False,2024-08-29 09:05:00.272
1253,114,False,False,2023-10-10 19:12:47.046
1254,114,False,False,2024-08-01 17:35:39.481
1255,115,False,False,2023-11-27 01:37:23.690
1256,115,False,False,2024-01-04 10:45:49.188
1257,115,False,False,2023-11-19 06:28:09.020
1258,115,False,False,2024-03-28 11:01:34.108
1259,115,False,False,2024-03-03 03:19:29.527
1260,115,True,False,2024-10-08 16:53:55.499
1261,116,False,False,2024-04-16 03:29:59.062
1262,116,False,False,2024-05-02 11:19:46.582
1263,116,True,False,2024-10-09 03:56:54.875
1264,117,False,False,2024-03-13 16:58:18.471
1265,117,False,False,2024-07-13 11:02:20.750
1266,118,False,False,2023-10-25 03:56:02.265
1267,118,True,False,2024-10-08 11:47:12.379
1268,119,False,False,2024-01-13 15:16:22.626
1269,119,False,False,2023-11-01 19:58:56.124
1270,119,False,False,2024-09-12 17:11:05.394
1271,119,False,False,2024-01-17 13:58:27.157
1272,119,True,False,2024-10-09 03:06:46.507
1273,120,False,False,2024-05-29 12:45:33.327
1274,120,False,False,2024-07-09 11:41:57.537
1275,120,False,False,2024-07-23 16:59:15.180
1276,121,False,False,2024-08-09 16:38:14.437
1277,121,False,False,2024-09-12 05:46:25.669
1278,121,False,False,2024-05-09 16:31:50.969
1279,121,False,False,2024-07-14 20:29:21.840
1280,121,False,False,2024-06-07 18:27:49.564
1281,121,True,False,2024-10-09 05:42:35.100
1282,122,False,False,2024-06-12 00:07:14.381
1283,122,False,False,2023-12-15 12:38:57.884
1284,122,False,False,2024-02-05 13:24:58.656
1285,122,True,False,2024-10-08 08:37:00.528
1286,123,False,False,2024-03-11 03:19:46.543
1287,123,False,False,2024-02-24 03:45:43.708
1288,123,False,False,2024-10-02 00:27:52.855
1289,123,False,False,2024-03-14 05:13:22.317
1290,123,False,False,2024-08-05 04:16:31.418
1291,123,True,False,2024-10-08 20:22:07.985
1292,124,False,False,2023-10-11 15:38:12.049
1293,124,False,False,2024-09-16 18:12:04.228
1294,124,True,False,2024-10-08 06:42:51.037
1295,125,False,False,2024-02-29 18:00:19.348
1296,125,False,False,2023-12-26 11:08:49.423
1297,125,False,False,2023-10-18 08:46:12.381
1298,125,False,False,2024-06-27 14:18:53.424
1299,126,False,False,2023-10-19 00:40:09.889
1300,126,False,False,2023-10-27 14:06:17.714
1301,126,False,False,2024-08-05 04:01:41.742
1302,126,True,False,2024-10-08 17:21:06.746
1303,127,False,False,2023-11-03 16:31:06.842
1304,127,False,False,2024-01-20 14:49:03.067
1305,127,False,False,2024-01-18 04:24:46.298
1306,127,True,False,2024-10-08 09:23:57.879
1307,128,False,False,2023-11-26 14:15:26.712
1308,128,True,False,2024-10-08 10:22:31.418
1309,129,False,False,2024-05-14 23:44:05.122
1310,129,False,False,2023-10-10 18:33:53.418
1311,129,False,False,2024-09-09 16:02:32.094
1312,129,False,False,2024-07-14 09:25:48.605
1313,129,False,False,2023-11-24 03:00:59.234
1314,129,True,False,2024-10-08 11:29:21.406
1315,130,False,False,2024-09-18 08:18:01.634
1316,130,False,False,2024-04-25 02:09:07.466
1317,130,False,False,2024-01-02 19:55:38.900
1318,130,False,False,2024-03-20 21:13:35.454
1319,130,False,False,2024-09-12 01:07:26.063
1320,130,True,False,2024-10-08 15:41:33.991
1321,131,False,False,2024-02-27 22:57:13.252
1322,131,False,False,2024-02-24 22:49:35.946
1323,131,False,False,2024-07-07 04:25:14.316
1324,131,False,False,2024-07-04 20:36:34.303
1325,131,True,False,2024-10-08 19:05:33.041
1326,132,False,False,2024-02-17 20:52:38.908
1327,132,False,False,2024-08-13 22:18:34.528
1328,132,False,False,2024-04-03 21:07:44.466
1329,132,True,False,2024-10-08 18:44:09.726
1330,133,False,False,2024-03-21 00:21:06.484
1331,133,False,False,2024-08-03 08:10:22.710
1332,133,False,False,2024-07-21 13:46:57.093
1333,133,False,False,2023-11-26 09:25:26.496
1334,134,False,False,2024-03-13 12:57:21.071
1335,134,False,False,2024-09-14 20:30:32.321
1336,134,False,False,2024-04-17 23:05:42.355
1337,134,True,False,2024-10-09 00:44:48.699
1338,135,False,False,2024-06-16 10:39:38.139
1339,135,True,False,2024-10-08 18:38:23.749
1340,136,False,False,2024-07-08 12:54:19.773
1341,136,False,False,2024-09-07 00:02:12.873
1342,136,True,False,2024-10-08 14:11:08.022
1343,137,False,False,2024-08-04 14:01:23.009
1344,138,False,False,2024-03-05 12:35:15.577
1345,138,False,False,2024-09-21 20:05:01.651
1346,138,False,False,2024-04-18 21:36:20.972
1347,138,False,False,2024-03-03 14:05:33.009
1348,138,True,False,2024-10-08 06:59:05.429
1349,139,False,False,2024-09-24 06:44:18.393
1350,139,False,False,2024-04-23 20:54:06.466
1351,139,False,False,2024-05-23 12:42:23.154
1352,139,False,False,2024-06-27 13:02:55.080
1353,140,False,False,2024-08-29 09:23:58.293
1354,140,False,False,2024-04-02 21:01:58.175
1355,140,False,False,2024-09-19 00:43:56.042
1356,140,False,False,2024-05-09 08:56:08.582
1357,140,False,False,2024-07-31 05:56:16.405
1358,140,True,False,2024-10-08 17:35:34.465
1359,141,False,False,2024-08-29 23:27:15.012
1360,141,True,False,2024-10-08 20:08:06.151
1361,142,False,False,2024-02-24 18:05:45.731
1362,142,False,False,2024-08-22 05:14:42.949
1363,142,True,False,2024-10-08 22:03:48.221
1364,143,False,False,2024-05-06 20:27:18.646
1365,143,False,False,2023-12-23 23:59:59.986
1366,143,False,False,2023-10-11 08:35:31.626
1367,143,False,False,2023-12-18 20:35:18.099
1368,143,False,False,2024-03-20 05:44:41.949
1369,144,False,False,2024-01-23 12:30:07.354
1370,144,False,False,2024-07-29 00:15:26.537
1371,144,False,False,2024-04-17 10:31:17.919
1372,144,True,False,2024-10-08 20:09:54.508
1373,145,False,False,2024-08-06 16:13:59.197
1374,145,True,False,2024-10-08 11:54:53.519
1375,146,False,False,2023-11-17 23:20:06.752
1376,146,False,False,2024-02-16 16:09:21.026
1377,146,False,False,2024-03-26 10:55:08.265
1378,146,False,False,2024-09-25 17:14:47.908
1379,146,False,False,2024-09-20 17:59:08.073
1380,146,True,False,2024-10-08 08:16:16.101
1381,147,False,False,2024-06-23 04:58:27.730
1382,147,False,False,2024-07-11 04:09:46.280
1383,147,False,False,2024-08-15 06:57:40.005
1384,147,False,False,2024-03-23 18:44:26.472
1385,148,False,False,2024-09-08 19:58:27.548
1386,148,False,False,2023-12-15 22:38:41.236
1387,148,False,False,2023-10-16 16:00:32.844
1388,148,False,False,2024-08-09 00:25:01.688
1389,149,False,False,2023-10-14 10:49:14.170
1390,149,False,False,2024-06-14 10:32:01.433
1391,149,True,False,2024-10-09 00:11:48.803
1392,150,False,False,2024-03-19 10:40:08.061
1393,150,False,False,2024-08-09 17:00:47.669
1394,150,False,False,2024-04-28 15:01:02.083
1395,150,True,False,2024-10-08 08:16:49.064
1396,151,False,False,2023-11-23 21:39:00.411
1397,151,False,False,2024-06-16 16:51:15.556
1398,151,False,False,2024-06-26 03:06:43.503
1399,151,False,False,2024-01-27 16:08:29.246
1400,151,True,False,2024-10-08 08:58:31.586
1401,152,False,False,2023-10-10 16:17:24.382
1402,152,False,False,2024-01-06 23:15:57.710
1403,152,False,False,2023-12-21 22:20:04.298
1404,152,False,False,2023-12-09 07:18:28.312
1405,152,False,False,2024-03-21 02:21:32.071
1406,152,True,False,2024-10-08 20:47:04.928
1407,153,False,False,2024-08-27 08:27:50.118
1408,153,True,False,2024-10-09 01:15:36.780
1409,154,False,False,2024-06-04 09:40:45.621
1410,154,False,False,2023-11-05 01:02:23.741
1411,154,False,False,2024-06-01 07:47:37.031
1412,154,True,False,2024-10-08 21:34:05.198
1413,155,False,False,2024-04-10 04:23:00.905
1414,156,False,False,2024-06-04 10:06:27.323
1415,156,False,False,2023-11-17 09:13:14.597
1416,157,False,False,2024-01-12 19:16:51.567
1417,157,False,False,2024-06-25 21:33:42.145
1418,157,True,False,2024-10-08 21:22:47.449
1419,158,False,False,2024-06-03 04:05:20.701
1420,158,False,False,2024-04-20 05:12:54.293
1421,158,False,False,2024-08-09 01:41:15.080
1422,158,False,False,2024-08-27 11:03:50.586
1423,158,False,False,2024-04-30 02:44:41.249
1424,158,True,False,2024-10-08 18:55:06.480
1425,159,False,False,2024-06-14 11:20:46.132
1426,159,False,False,2024-08-19 20:21:37.985
1427,159,False,False,2024-04-27 20:56:17.617
1428,159,True,False,2024-10-08 14:21:14.058
1429,160,False,False,2024-10-08 00:28:58.761
1430,160,False,False,2024-03-09 05:15:41.339
1431,160,False,False,2024-06-11 06:20:54.705
1432,160,False,False,2024-02-28 15:14:03.916
1433,161,False,False,2024-04-01 01:42:41.804
1434,161,False,False,2023-11-24 08:40:46.874
1435,161,False,False,2023-12-08 21:26:16.292
1436,161,False,False,2024-06-09 19:04:52.064
1437,161,False,False,2024-03-17 09:06:22.919
1438,162,False,False,2024-05-28 14:12:30.278
1439,162,False,False,2024-09-19 01:04:34.620
1440,162,False,False,2024-09-19 01:39:47.964
1441,162,True,False,2024-10-08 20:14:14.976
1442,163,False,False,2023-10-18 02:22:30.970
1443,163,True,False,2024-10-09 02:41:00.868
1444,164,False,False,2023-12-18 09:22:10.506
1445,164,False,False,2024-04-04 00:44:56.099
1446,164,True,False,2024-10-09 04:21:50.867
1447,165,False,False,2024-10-03 05:16:14.706
1448,165,False,False,2024-08-05 20:55:49.535
1449,165,False,False,2023-12-16 12:55:29.556
1450,165,False,False,2024-01-23 03:58:16.522
1451,165,True,False,2024-10-08 12:18:21.949
1452,166,False,False,2024-05-06 10:12:10.603
1453,166,False,False,2024-04-03 11:59:26.128
1454,166,False,False,2024-05-30 17:46:52.381
1455,166,True,False,2024-10-08 13:38:27.973
1456,167,False,False,2024-06-08 01:07:29.021
1457,167,False,False,2024-02-18 14:45:37.781
1458,167,False,False,2024-05-12 06:04:33.886
1459,167,True,False,2024-10-08 12:35:49.054
1460,168,False,False,2023-11-13 03:35:47.713
1461,168,False,False,2024-02-08 02:23:58.043
1462,168,False,False,2024-07-19 19:14:22.244
1463,168,False,False,2024-02-19 20:05:57.291
1464,168,False,False,2024-08-02 14:36:19.889
1465,169,False,False,2024-02-14 14:55:43.658
1466,169,False,False,2024-03-08 22:14:14.518
1467,169,True,False,2024-10-08 19:47:00.935
1468,170,False,False,2024-08-22 11:44:04.909
1469,170,False,False,2023-11-19 09:26:29.706
1470,170,False,False,2024-02-21 07:04:29.448
1471,170,False,False,2023-12-05 05:39:47.979
1472,170,False,False,2024-05-03 07:01:51.855
1473,171,False,False,2024-04-05 06:52:19.229
1474,171,False,False,2024-05-08 09:08:49.733
1475,171,False,False,2024-01-21 10:57:53.862
1476,171,True,False,2024-10-09 01:17:22.701
1477,172,False,False,2024-02-15 02:00:45.809
1478,172,False,False,2023-11-15 23:40:16.833
1479,173,False,False,2024-09-02 07:56:26.809
1480,173,False,False,2024-07-30 20:22:03.811
1481,173,True,False,2024-10-09 05:22:24.718
1482,174,False,False,2024-01-24 23:27:56.159
1483,174,True,False,2024-10-08 11:26:32.399
1484,175,False,False,2024-10-08 23:04:25.063
1485,175,False,False,2024-05-23 05:05:29.267
1486,176,False,False,2024-09-18 04:31:09.790
1487,176,True,False,2024-10-08 09:37:51.113
1488,177,False,False,2024-09-05 16:35:41.569
1489,177,False,False,2024-07-14 18:44:29.963
1490,177,False,False,2023-11-18 19:55:12.693
1491,177,False,False,2024-10-02 21:31:45.588
1492,177,False,False,2024-09-04 03:59:34.435
1493,177,True,False,2024-10-08 07:42:03.709
1494,178,False,False,2024-09-24 08:59:55.953
1495,178,False,False,2024-04-25 20:26:15.184
1496,178,True,False,2024-10-09 01:42:13.262
1497,179,False,False,2024-07-25 07:27:24.949
1498,179,False,False,2024-03-30 16:40:03.405
1499,179,False,False,2023-12-13 00:16:57.753
1500,179,False,False,2023-12-09 10:40:14.451
1501,179,True,False,2024-10-08 22:50:28.584
1502,180,False,False,2024-06-01 20:11:52.171
1503,180,False,False,2024-09-22 10:53:50.528
1504,180,False,False,2024-04-24 11:01:33.970
1505,180,True,False,2024-10-08 22:59:53.971
1506,181,False,False,2024-05-25 20:56:52.461
1507,181,False,False,2023-10-28 00:48:07.152
1508,181,True,False,2024-10-08 10:16:48.997
1509,182,False,False,2024-07-16 11:09:36.026
1510,182,False,False,2024-05-03 00:39:19.214
1511,182,False,False,2024-05-16 18:08:00.547
1512,182,True,False,2024-10-08 13:06:17.354
1513,183,False,False,2024-04-25 04:03:44.508
1514,183,False,False,2024-04-26 01:25:51.417
1515,183,False,False,2024-04-27 11:06:09.935
1516,183,False,False,2024-03-06 20:39:39.304
1517,183,False,False,2024-03-11 10:50:24.636
1518,183,True,False,2024-10-09 05:03:39.189
1519,184,False,False,2024-06-16 06:17:48.352
1520,184,False,False,2023-11-28 22:59:32.462
1521,185,False,False,2023-11-27 23:25:47.153
1522,185,True,False,2024-10-08 12:02:10.271
1523,186,False,False,2024-05-25 07:35:14.065
1524,186,False,False,2024-04-30 23:53:25.625
1525,186,False,False,2024-04-07 04:21:28.980
1526,186,False,False,2024-04-09 17:23:42.372
1527,186,False,False,2024-09-09 12:17:06.191
1528,186,True,False,2024-10-08 22:46:23.101
1529,187,False,False,2024-01-19 07:36:35.226
1530,187,False,False,2023-12-19 05:27:58.197
1531,187,False,False,2024-07-21 00:18:55.315
1532,187,False,False,2024-06-10 04:57:07.531
1533,187,False,False,2024-04-04 09:22:26.588
1534,187,True,False,2024-10-08 17:08:51.028
1535,188,False,False,2024-02-09 14:25:24.959
1536,188,False,False,2024-01-09 22:59:50.865
1537,188,False,False,2024-05-09 23:44:12.903
1538,188,False,False,2024-06-23 05:33:42.079
1539,188,False,False,2024-01-21 09:13:16.564
1540,188,True,False,2024-10-09 03:02:24.753
1541,189,False,False,2024-06-07 18:26:27.153
1542,189,False,False,2023-12-23 12:40:53.729
1543,189,False,False,2024-01-23 17:26:45.372
1544,190,False,False,2024-06-27 09:42:34.757
1545,190,False,False,2024-03-11 21:45:12.295
1546,190,False,False,2023-11-15 05:32:55.695
1547,190,False,False,2023-11-18 00:37:45.305
1548,190,False,False,2024-07-14 08:10:08.001
1549,190,True,False,2024-10-08 07:58:16.757
1550,191,False,False,2024-06-01 06:57:56.314
1551,191,False,False,2024-07-30 13:36:58.252
1552,191,True,False,2024-10-08 14:04:12.131
1553,192,False,False,2024-08-30 15:19:51.938
1554,192,False,False,2024-10-05 16:04:31.894
1555,192,False,False,2024-08-22 21:58:04.795
1556,192,True,False,2024-10-08 16:58:54.964
1557,193,False,False,2023-10-14 20:12:30.912
1558,193,False,False,2024-01-04 12:04:15.220
1559,193,True,False,2024-10-08 21:11:40.430
1560,194,False,False,2024-03-14 21:33:51.749
1561,194,False,False,2023-10-30 01:56:54.668
1562,194,False,False,2024-04-28 04:00:40.123
1563,194,True,False,2024-10-08 21:19:38.179
1564,195,False,False,2024-08-16 17:52:24.041
1565,195,False,False,2024-08-26 04:28:16.789
1566,196,False,False,2024-08-10 10:07:03.569
1567,196,True,False,2024-10-08 20:37:58.737
1568,197,False,False,2024-02-08 02:59:50.795
1569,197,False,False,2024-09-21 03:51:20.926
1570,197,True,False,2024-10-08 12:27:04.986
1571,198,False,False,2023-12-21 07:50:08.307
1572,198,True,False,2024-10-08 19:31:53.685
1573,199,False,False,2024-09-22 19:14:04.525
1574,199,False,False,2024-09-07 00:02:25.553
1575,199,False,False,2024-03-06 21:40:04.812
1576,199,False,False,2024-06-02 02:00:56.243
1577,199,False,False,2024-05-31 03:27:18.229
1578,199,True,False,2024-10-08 08:38:03.291
1579,200,False,False,2024-08-06 08:26:50.818
1580,200,False,False,2024-06-28 23:49:11.942
1581,200,False,False,2023-12-14 11:22:10.215
1582,200,False,False,2024-08-05 03:17:55.297
1583,200,False,False,2024-03-22 16:32:01.864
1584,201,False,False,2024-02-06 17:42:55.511
1585,201,False,False,2024-06-24 16:59:15.176
1586,201,False,False,2024-06-26 14:55:36.431
1587,201,False,False,2024-07-28 16:13:55.487
1588,201,True,False,2024-10-08 09:38:48.768
1589,202,False,False,2024-07-05 10:21:33.806
1590,202,True,False,2024-10-09 01:40:59.490
1591,203,False,False,2023-12-27 19:34:20.412
1592,203,False,False,2024-04-23 11:59:36.733
1593,203,False,False,2024-07-26 14:06:25.112
1594,203,False,False,2024-02-23 05:04:10.546
1595,203,False,False,2024-03-23 04:45:57.466
1596,203,True,False,2024-10-09 02:17:16.631
1597,204,False,False,2024-03-13 16:57:19.107
1598,204,False,False,2024-02-22 10:31:30.930
1599,204,False,False,2024-03-18 01:50:41.846
1600,204,False,False,2024-05-19 05:22:08.637
1601,204,True,False,2024-10-08 08:35:48.821
1602,205,False,False,2023-10-26 07:02:16.590
1603,205,False,False,2024-02-09 11:52:28.189
1604,205,False,False,2024-09-22 15:50:30.642
1605,205,True,False,2024-10-09 02:26:16.119
1606,206,False,False,2024-02-04 10:26:10.172
1607,206,False,False,2024-01-14 13:19:56.285
1608,206,False,False,2024-01-11 22:39:40.565
1609,206,True,False,2024-10-08 09:08:45.430
1610,207,False,False,2024-06-20 02:34:24.391
1611,207,False,False,2023-11-03 17:31:31.051
1612,207,False,False,2024-06-30 19:04:36.870
1613,207,False,False,2024-06-14 22:45:20.782
1614,208,False,False,2024-03-06 18:54:44.150
1615,208,False,False,2024-06-17 15:25:41.293
1616,208,False,False,2024-02-04 09:46:53.072
1617,208,False,False,2024-03-13 12:57:09.722
1618,208,True,False,2024-10-08 14:23:26.995
1619,209,False,False,2024-01-27 11:02:34.876
1620,209,False,False,2024-03-26 02:53:37.853
1621,209,False,False,2024-07-11 06:04:35.066
1622,209,False,False,2024-06-06 17:07:22.552
1623,209,False,False,2024-09-15 18:06:20.249
1624,210,False,False,2024-08-27 15:12:10.286
1625,210,False,False,2023-12-06 06:05:06.336
1626,210,False,False,2024-05-03 12:14:09.052
1627,210,False,False,2024-08-14 00:54:51.801
1628,210,True,False,2024-10-08 12:37:31.125
1629,211,False,False,2024-06-24 04:14:30.191
1630,211,True,False,2024-10-08 10:02:28.579
1631,212,False,False,2024-10-04 11:52:20.445
1632,212,False,False,2024-10-03 20:54:51.905
1633,212,False,False,2024-07-01 11:38:15.082
1634,212,False,False,2024-02-27 04:24:02.982
1635,212,True,False,2024-10-08 19:10:29.620
1636,213,False,False,2024-09-09 14:04:06.046
1637,213,False,False,2024-05-26 17:18:59.973
1638,213,False,False,2024-04-03 19:34:43.800
1639,213,True,False,2024-10-08 20:05:27.683
1640,214,False,False,2024-03-08 02:49:05.339
1641,214,False,False,2024-01-17 22:17:34.750
1642,214,False,False,2024-08-13 10:50:16.602
1643,214,False,False,2024-04-22 00:57:06.751
1644,214,True,False,2024-10-08 16:54:16.104
1645,215,False,False,2024-04-05 21:05:21.234
1646,215,False,False,2023-12-05 08:53:42.960
1647,215,False,False,2024-05-03 17:10:59.345
1648,215,False,False,2024-01-27 06:32:59.567
1649,215,True,False,2024-10-08 07:22:51.275
1650,216,False,False,2024-05-03 17:15:47.848
1651,216,False,False,2024-04-22 12:08:02.752
1652,216,False,False,2023-12-25 07:16:33.892
1653,216,False,False,2024-02-29 03:15:08.662
1654,217,False,False,2023-10-21 03:02:54.607
1655,217,False,False,2024-07-03 21:48:16.998
1656,217,True,False,2024-10-08 21:14:12.336
1657,218,False,False,2024-01-13 01:28:53.699
1658,218,True,False,2024-10-08 06:03:20.037
1659,219,False,False,2024-10-06 01:15:40.320
1660,219,False,False,2024-04-10 00:48:57.934
1661,219,False,False,2024-01-21 11:20:16.942
1662,219,False,False,2023-10-22 19:09:45.757
1663,219,False,False,2024-09-21 15:53:10.823
1664,219,True,False,2024-10-08 20:26:43.196
1665,220,False,False,2024-03-24 13:44:28.569
1666,220,False,False,2024-02-08 21:52:58.557
1667,220,False,False,2023-11-27 03:03:18.781
1668,220,False,False,2024-03-28 09:25:31.104
1669,220,True,False,2024-10-08 09:39:03.310
1670,221,False,False,2024-03-06 11:11:58.601
1671,221,True,False,2024-10-08 20:30:39.793
1672,222,False,False,2024-09-29 19:35:36.257
1673,222,True,False,2024-10-08 21:50:04.272
1674,223,False,False,2024-02-17 15:48:27.343
1675,223,False,False,2024-08-19 15:02:09.951
1676,223,False,False,2024-02-06 05:45:15.288
1677,223,False,False,2023-10-11 18:58:00.925
1678,223,False,False,2023-12-12 21:40:38.644
1679,223,True,False,2024-10-08 22:39:26.254
1680,224,False,False,2024-03-11 01:25:43.330
1681,224,False,False,2024-02-18 09:25:20.344
1682,224,True,False,2024-10-08 19:26:46.099
1683,225,False,False,2023-11-09 07:31:33.918
1684,225,False,False,2024-01-14 15:18:54.298
1685,225,False,False,2024-04-04 15:57:16.880
1686,225,False,False,2024-07-10 23:55:00.101
1687,226,False,False,2023-11-06 17:24:31.101
1688,226,False,False,2024-04-05 13:38:15.142
1689,226,False,False,2024-10-06 00:31:26.092
1690,226,False,False,2023-10-25 03:22:55.732
1691,226,True,False,2024-10-08 15:51:15.366
1692,227,False,False,2024-08-14 19:40:21.527
1693,227,True,False,2024-10-08 23:58:07.204
1694,228,False,False,2024-06-19 19:38:55.564
1695,228,False,False,2024-09-20 12:57:38.248
1696,228,False,False,2024-06-01 14:42:44.998
1697,228,True,False,2024-10-08 22:39:01.195
1698,229,False,False,2024-01-30 22:04:14.849
1699,229,False,False,2024-03-21 09:19:00.384
1700,229,False,False,2024-05-13 04:29:09.254
1701,229,False,False,2024-07-13 02:23:43.686
1702,229,False,False,2024-08-01 10:56:11.209
1703,229,True,False,2024-10-08 17:13:02.827
1704,230,False,False,2024-03-07 02:39:35.254
1705,230,False,False,2024-09-26 16:08:52.918
1706,230,True,False,2024-10-08 14:24:09.442
1707,231,False,False,2024-06-11 12:51:09.344
1708,231,False,False,2024-08-08 09:04:12.559
1709,231,False,False,2024-01-21 23:00:48.381
1710,231,False,False,2024-10-04 07:41:37.191
1711,232,False,False,2023-10-19 00:56:11.916
1712,232,False,False,2023-11-26 17:02:22.170
1713,232,False,False,2024-08-13 13:15:55.576
1714,232,True,False,2024-10-08 22:17:09.182
1715,233,False,False,2024-01-04 12:30:56.035
1716,233,True,False,2024-10-08 12:45:49.212
1717,234,False,False,2023-12-02 21:37:53.427
1718,234,False,False,2024-04-06 06:14:55.646
1719,234,False,False,2024-02-07 20:22:35.695
1720,234,False,False,2023-10-14 07:04:47.947
1721,234,True,False,2024-10-09 02:56:03.489
1722,235,False,False,2024-03-11 08:27:07.087
1723,235,True,False,2024-10-08 06:19:03.434
1724,236,False,False,2024-01-15 10:56:37.989
1725,236,False,False,2024-05-06 11:45:44.127
1726,237,False,False,2024-02-23 04:02:16.354
1727,237,False,False,2024-06-13 21:42:58.511
1728,237,True,False,2024-10-08 17:00:16.152
1729,238,False,False,2024-02-18 01:43:43.964
1730,238,False,False,2024-03-19 17:57:32.333
1731,239,False,False,2024-04-23 17:05:19.208
1732,239,False,False,2023-11-24 11:04:41.746
1733,239,False,False,2023-12-01 09:33:42.378
1734,239,False,False,2024-01-20 01:07:50.507
1735,239,False,False,2024-05-21 09:45:28.262
1736,239,True,False,2024-10-09 03:59:59.456
1737,240,False,False,2024-05-15 13:55:02.607
1738,240,False,False,2024-01-19 20:28:39.258
1739,240,True,False,2024-10-08 14:52:06.984
1740,241,False,False,2023-12-16 12:26:36.480
1741,241,False,False,2023-12-16 12:43:28.501
1742,241,False,False,2023-11-23 18:33:30.216
1743,241,False,False,2024-08-06 05:28:49.707
1744,241,False,False,2023-10-26 14:52:48.758
1745,241,True,False,2024-10-09 05:06:38.583
1746,242,False,False,2024-03-03 15:10:13.975
1747,242,False,False,2023-12-19 18:39:46.985
1748,242,False,False,2024-07-08 01:08:42.330
1749,242,False,False,2024-04-09 23:13:31.573
1750,243,False,False,2023-10-26 20:12:46.874
1751,244,False,False,2023-12-18 22:20:52.841
1752,244,False,False,2024-09-09 18:53:00.858
1753,244,False,False,2024-09-13 16:20:46.936
1754,244,False,False,2024-08-18 01:40:37.158
1755,244,False,False,2023-10-11 22:17:18.952
1756,244,True,False,2024-10-08 07:35:02.899
1757,245,False,False,2024-08-14 01:39:16.353
1758,245,False,False,2024-01-10 18:47:47.571
1759,245,False,False,2024-09-20 00:57:45.904
1760,245,False,False,2024-09-22 02:22:02.057
1761,245,True,False,2024-10-08 15:45:19.247
1762,246,False,False,2024-06-11 23:20:51.615
1763,246,False,False,2024-08-15 09:22:43.042
1764,246,True,False,2024-10-08 15:30:45.466
1765,247,False,False,2023-12-10 03:14:22.656
1766,248,False,False,2024-05-25 07:52:51.126
1767,248,False,False,2024-02-20 17:46:30.885
1768,248,False,False,2024-08-13 06:04:10.823
1769,248,True,False,2024-10-08 14:38:28.694
1770,249,False,False,2023-11-21 21:05:31.064
1771,249,False,False,2024-02-18 17:26:41.747
1772,249,False,False,2024-01-17 06:45:51.196
1773,250,False,False,2024-03-07 18:06:57.610
1774,250,False,False,2023-12-16 15:50:13.239
1775,250,False,False,2024-07-10 10:40:22.762
1776,250,False,False,2024-05-18 18:05:20.493
1777,250,False,False,2024-01-18 13:37:56.650
1778,250,True,False,2024-10-08 21:31:05.595
1779,251,False,False,2024-01-06 09:46:10.355
1780,251,True,False,2024-10-09 01:52:56.116
1781,252,False,False,2023-10-17 02:38:57.860
1782,252,False,False,2024-01-15 09:44:36.685
1783,252,False,False,2024-10-08 08:01:21.586
1784,253,False,False,2024-01-01 21:25:04.659
1785,253,False,False,2024-06-06 00:16:58.435
1786,337,False,False,2024-05-25 13:45:43.019
1787,337,False,False,2024-07-28 04:34:51.491
1788,337,False,False,2024-02-18 11:34:24.214
1789,337,True,False,2024-10-08 21:44:57.111
1790,254,False,False,2024-07-21 07:38:28.638
1791,254,False,False,2024-03-24 02:12:46.879
1792,254,False,False,2024-06-26 08:41:59.604
1793,254,False,False,2024-07-31 17:42:32.158
1794,254,True,False,2024-10-09 00:00:56.030
1795,255,False,False,2024-05-19 03:18:53.034
1796,255,False,False,2024-07-03 04:43:57.664
1797,255,False,False,2024-04-29 05:34:37.221
1798,255,False,False,2024-01-10 11:05:37.040
1799,256,False,False,2024-08-11 22:38:10.833
1800,256,True,False,2024-10-08 19:43:37.537
1801,257,False,False,2023-11-24 14:50:58.070
1802,257,False,False,2024-08-25 13:50:16.869
1803,258,False,False,2024-01-26 02:47:54.977
1804,258,False,False,2024-08-04 01:13:19.700
1805,258,False,False,2024-01-05 11:54:32.510
1806,258,True,False,2024-10-08 09:05:14.321
1807,259,False,False,2024-06-19 10:12:57.149
1808,259,False,False,2023-11-11 23:56:54.060
1809,259,False,False,2024-08-02 04:46:15.367
1810,259,False,False,2024-02-18 20:18:31.159
1811,259,False,False,2023-12-08 11:50:21.861
1812,259,True,False,2024-10-08 06:25:59.803
1813,260,False,False,2024-09-26 10:41:06.014
1814,260,False,False,2024-06-13 15:08:12.575
1815,260,False,False,2023-11-27 19:23:57.482
1816,260,False,False,2023-10-23 17:33:16.546
1817,260,True,False,2024-10-08 06:31:01.476
1818,261,False,False,2024-06-21 07:32:28.367
1819,261,False,False,2023-11-06 21:16:22.171
1820,261,False,False,2024-01-10 12:43:19.353
1821,261,False,False,2023-11-15 08:04:17.872
1822,261,False,False,2023-11-29 20:38:47.094
1823,261,True,False,2024-10-08 12:05:23.276
1824,262,False,False,2024-10-01 19:49:28.166
1825,262,False,False,2024-02-16 23:17:50.046
1826,262,False,False,2023-11-06 20:52:37.751
1827,262,False,False,2023-12-29 14:30:07.318
1828,262,True,False,2024-10-08 12:52:06.151
1829,263,False,False,2024-08-21 04:52:05.888
1830,263,False,False,2023-11-24 18:27:22.209
1831,264,False,False,2023-10-21 22:42:55.863
1832,265,False,False,2024-06-27 15:53:33.270
1833,266,False,False,2024-03-21 09:52:18.080
1834,266,False,False,2024-08-18 19:02:39.830
1835,266,False,False,2024-04-30 19:47:55.611
1836,266,False,False,2024-05-06 06:54:01.197
1837,267,False,False,2024-05-06 19:06:11.226
1838,267,False,False,2024-03-02 04:30:37.321
1839,267,False,False,2023-10-28 13:21:52.465
1840,267,True,False,2024-10-08 20:59:30.468
1841,268,False,False,2024-07-29 15:43:31.223
1842,268,False,False,2024-06-11 12:58:24.507
1843,269,False,False,2024-05-21 02:49:44.091
1844,269,False,False,2024-07-02 22:14:02.581
1845,269,False,False,2024-03-19 22:37:01.134
1846,269,False,False,2024-03-19 17:32:35.837
1847,270,False,False,2024-04-26 12:07:24.699
1848,270,False,False,2023-12-22 22:04:59.689
1849,270,True,False,2024-10-08 21:06:24.845
1850,271,False,False,2024-04-07 16:25:08.500
1851,271,False,False,2024-06-07 15:42:40.472
1852,271,False,False,2024-04-26 00:41:03.362
1853,271,True,False,2024-10-09 01:22:18.963
1854,272,False,False,2024-05-03 07:21:37.845
1855,272,False,False,2023-11-03 23:05:51.900
1856,272,False,False,2024-05-30 05:28:13.209
1857,272,False,False,2024-01-10 10:55:15.773
1858,272,False,False,2024-05-31 03:37:19.255
1859,272,True,False,2024-10-08 11:16:24.957
1860,273,False,False,2023-11-10 13:43:59.461
1861,273,True,False,2024-10-09 04:12:40.912
1862,274,False,False,2024-05-07 17:53:27.745
1863,275,False,False,2024-06-18 04:22:03.838
1864,275,False,False,2024-03-13 05:33:29.847
1865,275,False,False,2024-09-13 10:42:24.626
1866,275,False,False,2024-03-28 20:02:14.261
1867,275,True,False,2024-10-09 01:39:45.615
1868,276,False,False,2024-07-19 15:04:05.379
1869,276,False,False,2024-03-08 21:25:59.628
1870,276,False,False,2024-04-30 01:21:37.986
1871,276,False,False,2024-06-08 20:06:46.683
1872,276,False,False,2023-11-24 17:47:38.785
1873,276,True,False,2024-10-08 07:24:50.421
1874,277,False,False,2023-12-19 21:47:10.630
1875,277,False,False,2024-03-05 23:14:25.270
1876,277,False,False,2024-03-29 06:55:19.850
1877,277,False,False,2023-11-17 18:44:29.831
1878,277,False,False,2023-12-22 03:07:04.289
1879,277,True,False,2024-10-08 12:08:06.730
1880,278,False,False,2023-12-31 00:11:26.848
1881,278,False,False,2024-04-06 01:04:42.273
1882,279,False,False,2024-07-08 22:14:38.261
1883,279,False,False,2024-09-16 04:52:19.889
1884,279,False,False,2024-05-27 12:55:21.649
1885,279,False,False,2023-11-12 15:39:53.098
1886,279,True,False,2024-10-08 13:40:12.267
1887,280,False,False,2023-11-09 04:51:09.983
1888,280,False,False,2024-07-03 01:38:37.827
1889,280,False,False,2024-05-20 01:29:50.663
1890,280,True,False,2024-10-09 01:31:04.654
1891,281,False,False,2024-07-08 23:46:55.239
1892,282,False,False,2024-04-28 10:31:03.936
1893,282,False,False,2024-02-16 21:47:31.077
1894,282,False,False,2024-07-03 22:35:27.083
1895,283,False,False,2024-01-11 03:40:11.576
1896,284,False,False,2024-03-24 21:39:46.220
1897,284,True,False,2024-10-08 18:35:46.524
1898,285,False,False,2024-03-29 18:46:14.441
1899,285,False,False,2024-07-22 13:05:52.171
1900,285,False,False,2024-04-20 05:39:07.198
1901,286,False,False,2023-10-18 14:55:06.025
1902,286,False,False,2023-10-20 08:17:17.536
1903,287,False,False,2024-03-31 05:10:12.369
1904,287,False,False,2024-06-07 11:48:53.851
1905,287,False,False,2023-11-24 18:53:09.149
1906,287,True,False,2024-10-08 10:10:06.743
1907,288,False,False,2023-10-24 00:50:03.385
1908,288,True,False,2024-10-08 22:03:26.231
1909,289,False,False,2024-03-29 12:20:35.372
1910,289,True,False,2024-10-08 21:05:16.369
1911,290,False,False,2024-06-17 13:18:39.005
1912,290,False,False,2024-05-23 23:03:59.092
1913,290,True,False,2024-10-08 21:11:19.881
1914,291,False,False,2024-06-12 12:03:08.655
1915,291,False,False,2023-12-15 08:26:45.982
1916,291,False,False,2023-12-22 07:14:45.652
1917,291,True,False,2024-10-09 01:00:34.100
1918,292,False,False,2024-01-13 00:53:33.694
1919,292,True,False,2024-10-08 15:06:09.798
1920,293,False,False,2024-08-27 20:37:48.517
1921,293,False,False,2024-07-28 19:38:20.729
1922,293,False,False,2024-02-08 23:18:43.811
1923,294,False,False,2024-06-24 06:36:26.755
1924,294,False,False,2024-07-02 17:37:26.204
1925,294,False,False,2023-12-05 05:58:10.094
1926,294,False,False,2024-07-06 22:51:26.916
1927,294,True,False,2024-10-08 18:36:08.012
1928,295,False,False,2024-06-20 13:57:28.294
1929,295,False,False,2024-08-16 04:21:54.690
1930,295,True,False,2024-10-08 07:36:19.855
1931,296,False,False,2024-04-18 12:38:21.909
1932,296,True,False,2024-10-08 20:07:57.589
1933,297,False,False,2024-02-12 20:48:15.859
1934,297,False,False,2024-09-08 12:08:29.006
1935,297,False,False,2024-06-15 06:55:12.233
1936,297,False,False,2024-04-23 02:01:27.026
1937,297,True,False,2024-10-08 15:03:49.441
1938,298,False,False,2023-11-17 19:15:18.927
1939,298,False,False,2024-03-06 19:30:12.249
1940,298,False,False,2024-01-11 21:56:36.708
1941,298,True,False,2024-10-09 04:13:38.163
1942,299,False,False,2024-06-29 14:06:10.728
1943,299,False,False,2024-05-24 16:55:38.315
1944,299,False,False,2023-10-29 16:50:37.125
1945,299,False,False,2024-03-01 22:34:25.166
1946,299,True,False,2024-10-09 01:38:56.364
1947,300,False,False,2023-11-09 09:14:06.166
1948,300,False,False,2024-07-22 19:06:17.239
1949,300,False,False,2024-04-30 06:41:46.255
1950,300,True,False,2024-10-09 01:13:37.516
1951,301,False,False,2024-03-28 08:50:02.089
1952,301,False,False,2024-04-29 10:26:35.264
1953,302,False,False,2024-09-02 02:32:50.119
1954,302,False,False,2024-08-31 23:31:01.174
1955,302,False,False,2024-05-18 19:04:53.152
1956,302,False,False,2024-07-07 20:18:53.791
1957,302,False,False,2024-06-18 04:28:22.360
1958,302,True,False,2024-10-09 05:11:39.975
1959,303,False,False,2023-12-25 22:36:18.950
1960,303,True,False,2024-10-08 20:34:59.583
1961,304,False,False,2023-11-21 16:39:16.025
1962,304,False,False,2024-06-27 23:01:20.802
1963,304,True,False,2024-10-08 15:40:02.675
1964,305,False,False,2024-08-03 09:53:39.864
1965,305,False,False,2024-06-29 02:37:34.958
1966,305,False,False,2024-07-12 08:39:46.650
1967,306,False,False,2024-01-24 22:06:42.792
1968,306,False,False,2024-04-11 06:37:29.773
1969,307,False,False,2024-01-07 07:32:29.631
1970,308,False,False,2024-08-29 07:46:46.846
1971,308,True,False,2024-10-08 08:30:33.508
1972,309,False,False,2024-04-22 14:02:38.322
1973,309,False,False,2023-12-22 10:40:56.645
1974,309,False,False,2024-07-19 00:37:24.807
1975,309,False,False,2024-08-18 00:17:35.338
1976,309,True,False,2024-10-08 18:42:24.792
1977,310,False,False,2024-04-22 08:31:20.589
1978,310,False,False,2024-04-30 14:44:02.793
1979,310,False,False,2024-04-28 17:51:25.520
1980,310,True,False,2024-10-08 08:38:12.354
1981,311,False,False,2024-07-19 16:05:50.907
1982,311,True,False,2024-10-09 03:28:54.586
1983,312,False,False,2024-03-17 18:16:38.070
1984,312,False,False,2024-09-29 11:41:31.782
1985,312,False,False,2023-12-26 20:01:26.577
1986,312,False,False,2024-08-29 03:52:37.913
1987,312,True,False,2024-10-09 04:08:39.882
1988,313,False,False,2023-12-19 13:06:13.065
1989,313,False,False,2024-02-11 07:12:52.842
1990,313,False,False,2024-09-06 22:29:05.264
1991,313,False,False,2024-08-12 01:14:26.258
1992,313,True,False,2024-10-09 01:49:18.915
1993,314,False,False,2024-07-14 21:06:35.185
1994,314,False,False,2024-06-26 09:54:05.271
1995,314,False,False,2024-05-16 16:35:33.543
1996,314,False,False,2024-08-21 07:02:25.848
1997,314,False,False,2023-10-20 04:51:03.205
1998,314,True,False,2024-10-08 14:10:12.928
1999,315,False,False,2024-03-17 18:13:16.541
2000,316,False,False,2024-06-11 07:11:55.424
2001,316,False,False,2023-12-31 13:00:27.611
2002,316,False,False,2023-11-26 15:48:32.156
2003,316,False,False,2023-12-19 03:28:38.877
2004,316,False,False,2023-12-30 14:50:16.639
2005,316,True,False,2024-10-08 13:23:47.979
2006,317,False,False,2024-02-27 05:05:05.591
2007,317,False,False,2024-09-10 08:58:21.548
2008,318,False,False,2024-01-28 00:35:21.220
2009,318,False,False,2024-10-07 07:23:57.217
2010,318,False,False,2024-01-04 01:44:40.175
2011,318,False,False,2024-05-26 00:04:05.889
2012,318,True,False,2024-10-08 14:00:58.680
2013,319,False,False,2024-03-30 14:11:46.492
2014,319,False,False,2024-02-23 19:49:31.352
2015,319,False,False,2024-03-18 04:29:29.649
2016,319,False,False,2024-04-28 10:17:05.299
2017,319,True,False,2024-10-09 03:14:58.939
2018,320,False,False,2024-06-12 02:01:54.180
2019,320,False,False,2024-01-31 10:45:50.591
2020,320,True,False,2024-10-08 11:49:58.825
2021,321,False,False,2024-01-10 16:21:22.942
2022,321,False,False,2024-05-21 12:42:35.522
2023,321,False,False,2024-09-22 01:58:49.914
2024,321,False,False,2024-06-01 15:25:51.324
2025,321,False,False,2024-03-01 15:27:51.717
2026,321,True,False,2024-10-09 01:09:39.554
2027,322,False,False,2023-11-16 22:04:38.764
2028,322,True,False,2024-10-08 08:11:06.371
2029,323,False,False,2023-10-14 03:28:46.698
2030,323,False,False,2024-08-19 17:27:55.008
2031,323,False,False,2024-08-14 16:16:23.206
2032,324,False,False,2024-01-16 21:27:31.036
2033,324,False,False,2024-03-13 22:56:37.394
2034,324,True,False,2024-10-09 01:18:34.832
2035,325,False,False,2024-09-16 08:49:27.923
2036,325,False,False,2023-10-15 01:42:16.852
2037,325,False,False,2024-08-18 17:13:23.168
2038,326,False,False,2023-12-31 06:11:17.382
2039,326,True,False,2024-10-08 15:47:21.721
2040,327,False,False,2023-10-25 02:04:49.928
2041,327,False,False,2024-07-28 12:28:31.898
2042,327,False,False,2024-07-27 17:57:30.089
2043,327,False,False,2024-06-26 15:57:46.299
2044,327,True,False,2024-10-08 18:13:25.602
2045,328,False,False,2024-04-28 07:48:45.954
2046,328,False,False,2023-12-10 15:41:53.357
2047,328,False,False,2024-04-23 04:42:59.246
2048,328,True,False,2024-10-08 08:48:38.584
2049,329,False,False,2024-07-15 00:54:04.000
2050,329,False,False,2024-04-08 05:28:27.274
2051,329,True,False,2024-10-08 16:04:57.268
2052,330,False,False,2024-05-23 23:18:10.123
2053,330,False,False,2024-07-25 12:57:47.387
2054,330,False,False,2024-10-03 09:35:12.017
2055,330,False,False,2023-12-07 22:32:15.737
2056,330,True,False,2024-10-08 17:37:44.941
2057,331,False,False,2024-04-03 12:04:44.336
2058,331,False,False,2024-05-10 12:52:47.346
2059,331,False,False,2024-09-11 23:18:46.510
2060,331,False,False,2024-04-01 02:44:08.227
2061,331,False,False,2024-07-30 15:37:27.540
2062,331,True,False,2024-10-08 21:03:18.991
2063,332,False,False,2024-08-30 00:33:19.374
2064,332,False,False,2024-08-06 18:13:21.982
2065,333,False,False,2024-04-07 23:53:37.727
2066,333,False,False,2024-05-04 00:53:51.021
2067,333,False,False,2024-02-08 06:47:49.661
2068,333,False,False,2023-11-30 19:37:41.311
2069,333,False,False,2024-08-20 11:26:05.868
2070,333,True,False,2024-10-09 04:37:25.367
2071,334,False,False,2023-11-15 19:48:45.426
2072,334,False,False,2023-12-19 13:38:27.447
2073,334,False,False,2023-10-26 14:43:08.856
2074,334,False,False,2024-08-31 11:43:04.011
2075,334,True,False,2024-10-08 20:28:14.299
2076,335,False,False,2023-10-26 06:00:53.025
2077,335,False,False,2024-03-05 02:38:44.618
2078,335,False,False,2024-03-30 17:29:53.566
2079,335,False,False,2024-04-02 09:49:20.679
2080,335,True,False,2024-10-09 03:05:01.662
2081,336,False,False,2024-05-02 07:11:55.393
2082,336,False,False,2024-01-25 14:07:22.294
2083,336,False,False,2024-05-18 13:39:59.273
2084,336,False,False,2024-01-10 00:49:32.631
2085,338,False,False,2023-11-26 11:56:35.325
2086,338,True,False,2024-10-08 23:33:54.729
2087,339,False,False,2024-05-09 14:40:55.885
2088,339,True,False,2024-10-08 13:44:45.666
2089,340,False,False,2023-12-18 16:09:38.896
2090,340,False,False,2024-05-15 02:32:27.328
2091,341,False,False,2024-09-12 07:14:45.822
2092,341,False,False,2024-05-21 20:47:04.231
2093,341,False,False,2024-09-16 01:08:58.019
2094,341,False,False,2024-08-06 16:20:39.330
2095,341,True,False,2024-10-08 10:00:32.742
2096,342,False,False,2024-03-09 11:12:24.572
2097,342,False,False,2024-07-30 19:50:48.826
2098,342,False,False,2024-06-06 13:00:37.999
2099,343,False,False,2024-03-22 00:09:19.882
2100,343,False,False,2024-08-08 15:16:25.535
2101,343,False,False,2023-10-22 22:53:41.051
2102,343,False,False,2024-07-04 10:04:55.842
2103,343,False,False,2024-03-15 03:56:30.815
2104,344,False,False,2024-01-16 16:22:52.603
2105,344,False,False,2024-07-28 08:47:42.060
2106,344,True,False,2024-10-08 09:05:50.295
2107,345,False,False,2024-06-28 12:40:08.888
2108,345,False,False,2024-06-28 00:56:01.531
2109,345,False,False,2023-12-27 09:05:26.969
2110,345,False,False,2024-01-10 08:40:51.594
2111,345,False,False,2023-11-08 09:20:47.564
2112,345,True,False,2024-10-08 17:10:11.065
2113,346,False,False,2024-01-09 06:51:16.761
2114,346,False,False,2024-07-30 13:05:23.601
2115,346,False,False,2024-09-18 06:38:01.579
2116,346,False,False,2023-11-13 05:53:06.951
2117,346,False,False,2024-06-16 07:40:38.700
2118,346,True,False,2024-10-08 18:50:28.684
2119,347,False,False,2024-02-11 08:31:54.165
2120,347,False,False,2023-10-17 02:12:55.428
2121,347,False,False,2024-01-07 15:41:24.693
2122,347,False,False,2024-06-26 13:21:34.250
2123,347,False,False,2024-06-23 21:58:32.178
2124,347,True,False,2024-10-08 07:14:12.842
2125,348,False,False,2024-06-24 05:23:25.713
2126,348,False,False,2024-07-08 20:27:09.831
2127,348,False,False,2023-12-11 07:20:07.518
2128,348,False,False,2024-04-02 23:53:01.246
2129,349,False,False,2024-01-07 07:15:31.445
2130,349,False,False,2023-11-07 15:37:22.169
2131,349,False,False,2024-06-04 16:10:37.159
2132,349,False,False,2024-08-22 01:45:07.903
2133,350,False,False,2024-06-01 11:27:25.898
2134,350,False,False,2024-02-24 10:01:03.296
2135,350,False,False,2024-06-13 22:23:09.506
2136,350,True,False,2024-10-08 18:54:00.067
2137,351,False,False,2024-08-05 13:59:51.812
2138,351,True,False,2024-10-08 15:25:40.029
2139,352,False,False,2024-05-24 02:34:04.767
2140,352,False,False,2024-04-26 14:20:58.540
2141,352,False,False,2024-07-24 19:21:29.658
2142,352,False,False,2024-02-26 04:33:30.247
2143,352,False,False,2023-12-07 15:38:53.324
2144,352,True,False,2024-10-08 15:46:14.425
2145,353,False,False,2024-03-20 09:22:21.463
2146,353,False,False,2023-10-15 23:32:12.347
2147,353,False,False,2024-02-14 23:22:15.014
2148,353,True,False,2024-10-08 22:58:08.189
2149,354,False,False,2024-07-14 09:09:42.619
2150,354,True,False,2024-10-09 00:20:14.747
2151,355,False,False,2024-08-08 06:48:46.825
2152,355,False,False,2023-11-21 23:24:00.268
2153,355,False,False,2024-04-15 08:38:35.110
2154,355,False,False,2024-09-26 08:52:19.196
2155,355,False,False,2024-01-07 22:44:47.579
2156,355,True,False,2024-10-08 06:35:35.262
2157,356,False,False,2024-04-13 16:01:57.863
2158,356,False,False,2024-05-16 14:07:52.883
2159,356,False,False,2024-03-17 20:17:15.914
2160,356,True,False,2024-10-08 19:22:41.380
2161,357,False,False,2023-10-24 04:01:13.591
2162,357,False,False,2023-10-15 09:45:51.225
2163,357,False,False,2023-12-29 02:21:09.055
2164,357,False,False,2024-06-28 15:41:22.030
2165,357,False,False,2024-02-23 17:34:43.971
2166,358,False,False,2024-03-16 16:15:34.053
2167,358,False,False,2023-11-24 22:14:28.288
2168,359,False,False,2024-06-08 10:30:09.470
2169,359,False,False,2024-04-06 12:12:17.841
2170,359,False,False,2023-12-08 10:50:54.478
2171,359,True,False,2024-10-09 04:00:51.731
2172,360,False,False,2024-03-22 14:06:24.565
2173,360,False,False,2023-10-25 15:08:38.548
2174,360,True,False,2024-10-08 21:57:08.329
2175,361,False,False,2024-07-26 03:11:49.947
2176,362,False,False,2023-11-19 20:43:11.241
2177,362,True,False,2024-10-08 22:02:38.260
2178,363,False,False,2024-02-19 09:13:53.368
2179,363,False,False,2024-07-12 11:12:06.340
2180,363,False,False,2024-07-22 03:08:19.598
2181,363,False,False,2024-08-09 05:27:12.564
2182,363,True,False,2024-10-09 00:41:26.645
2183,364,False,False,2024-01-22 16:47:35.406
2184,364,False,False,2024-02-03 17:24:28.146
2185,364,False,False,2024-08-30 21:21:38.289
2186,364,False,False,2024-04-11 11:14:03.049
2187,364,False,False,2024-02-05 21:15:22.795
2188,365,False,False,2024-03-06 08:35:44.004
2189,365,False,False,2023-10-26 23:41:32.422
2190,365,True,False,2024-10-08 22:22:36.191
2191,366,False,False,2023-12-15 12:55:06.854
2192,366,False,False,2023-10-30 06:20:26.047
2193,366,False,False,2024-03-28 11:59:41.035
2194,366,False,False,2024-02-01 03:12:38.200
2195,367,False,False,2024-01-11 09:54:53.374
2196,367,False,False,2024-09-04 10:40:18.327
2197,367,False,False,2024-07-13 21:41:36.876
2198,367,False,False,2024-09-01 09:43:50.241
2199,367,True,False,2024-10-09 02:38:47.881
2200,368,False,False,2024-09-21 14:23:16.059
2201,368,False,False,2023-10-18 22:03:20.712
2202,368,False,False,2024-07-04 22:24:07.290
2203,368,True,False,2024-10-08 13:14:28.287
2204,369,False,False,2024-02-10 16:14:14.225
2205,369,False,False,2024-07-17 11:17:18.104
2206,369,False,False,2024-06-04 07:52:07.596
2207,369,False,False,2024-08-24 05:33:08.878
2208,369,True,False,2024-10-09 04:44:10.864
2209,370,False,False,2024-02-05 20:03:27.413
2210,370,False,False,2024-06-16 02:57:39.177
2211,370,False,False,2023-12-23 09:27:35.029
2212,370,False,False,2024-04-16 23:09:26.001
2213,370,False,False,2024-07-07 16:32:41.084
2214,370,True,False,2024-10-08 22:38:17.108
2215,371,False,False,2024-01-09 21:34:44.226
2216,371,False,False,2024-04-20 10:41:37.150
2217,371,False,False,2024-01-05 20:13:56.055
2218,371,False,False,2023-12-02 08:59:02.098
2219,372,False,False,2024-05-01 22:36:22.214
2220,372,False,False,2023-11-15 01:54:03.411
2221,372,True,False,2024-10-08 22:40:40.287
2222,373,False,False,2024-05-09 01:08:20.538
2223,373,False,False,2024-04-20 21:38:29.477
2224,373,False,False,2024-06-24 06:55:42.955
2225,373,False,False,2023-12-07 20:14:41.138
2226,373,True,False,2024-10-09 03:26:04.571
2227,374,False,False,2024-06-28 21:50:31.004
2228,374,False,False,2024-09-02 09:54:32.801
2229,374,False,False,2024-01-19 00:00:21.416
2230,374,False,False,2023-10-12 18:20:40.249
2231,374,False,False,2024-04-01 04:24:58.995
2232,374,True,False,2024-10-08 12:00:56.824
2233,375,False,False,2024-07-07 17:48:46.424
2234,375,False,False,2024-03-20 18:40:04.208
2235,375,False,False,2023-11-29 06:19:37.725
2236,375,True,False,2024-10-08 13:16:50.063
2237,376,False,False,2024-06-16 20:15:38.174
2238,376,True,False,2024-10-09 03:33:44.811
2239,377,False,False,2024-06-26 21:44:58.354
2240,377,False,False,2023-11-21 01:55:14.476
2241,377,False,False,2024-09-17 20:05:05.280
2242,377,False,False,2024-04-04 00:02:07.212
2243,377,False,False,2024-01-13 17:47:52.709
2244,377,True,False,2024-10-08 17:29:24.818
2245,378,False,False,2023-12-27 17:31:55.676
2246,378,False,False,2024-02-14 02:36:16.733
2247,378,False,False,2024-08-11 10:14:28.764
2248,378,False,False,2024-07-18 14:14:26.793
2249,378,True,False,2024-10-08 19:30:53.794
2250,379,False,False,2024-08-12 02:45:57.885
2251,379,True,False,2024-10-08 22:41:11.583
2252,380,False,False,2024-02-06 00:30:37.014
2253,380,False,False,2024-10-06 18:10:26.825
2254,380,True,False,2024-10-09 03:35:08.891
2255,381,False,False,2024-04-02 00:54:32.722
2256,381,False,False,2024-01-07 10:43:42.698
2257,381,False,False,2023-10-24 00:05:00.429
2258,381,False,False,2024-10-06 02:33:25.483
2259,381,False,False,2024-04-10 02:38:02.055
2260,381,True,False,2024-10-08 07:34:57.272
2261,382,False,False,2024-01-28 09:18:45.575
2262,382,True,False,2024-10-08 21:38:03.484
2263,383,False,False,2024-02-18 20:04:49.396
2264,383,False,False,2024-10-05 09:54:49.561
2265,383,False,False,2024-06-22 19:39:57.189
2266,383,False,False,2024-02-25 15:45:34.206
2267,383,True,False,2024-10-08 20:21:18.412
2268,384,False,False,2024-07-09 07:19:12.735
2269,384,True,False,2024-10-08 20:04:18.762
2270,385,False,False,2024-02-03 02:49:33.949
2271,385,True,False,2024-10-08 22:49:00.321
2272,386,False,False,2024-06-05 18:27:51.891
2273,386,False,False,2024-07-30 23:11:16.444
2274,386,False,False,2023-10-18 21:52:01.364
2275,386,True,False,2024-10-09 05:08:40.366
2276,387,False,False,2024-02-16 03:22:45.089
2277,388,False,False,2024-07-22 01:45:28.434
2278,388,False,False,2024-01-19 04:42:14.457
2279,388,False,False,2024-09-05 15:31:50.306
2280,388,True,False,2024-10-09 00:28:07.322
2281,389,False,False,2023-12-16 19:18:52.145
2282,389,True,False,2024-10-08 11:24:17.306
2283,390,False,False,2024-03-16 08:16:50.257
2284,390,False,False,2024-09-16 14:12:40.162
2285,390,False,False,2024-03-02 13:26:39.061
2286,390,True,False,2024-10-08 19:39:56.992
2287,391,False,False,2024-05-02 03:51:56.531
2288,391,False,False,2024-04-16 12:00:32.776
2289,392,False,False,2024-02-23 08:35:15.104
2290,392,False,False,2024-08-28 10:54:21.582
2291,392,False,False,2024-04-20 16:29:32.279
2292,392,True,False,2024-10-09 02:28:24.159
2293,393,False,False,2024-08-03 13:32:39.205
2294,393,False,False,2024-01-20 05:52:45.336
2295,393,False,False,2024-02-13 23:32:35.217
2296,393,False,False,2024-07-18 00:02:01.223
2297,393,False,False,2024-01-25 06:23:28.836
2298,393,True,False,2024-10-08 22:57:30.513
2299,394,False,False,2023-12-18 09:17:39.478
2300,394,False,False,2024-07-17 00:06:38.195
2301,394,True,False,2024-10-09 02:50:34.371
2302,395,False,False,2024-01-03 11:20:01.023
2303,395,False,False,2023-10-30 19:10:08.791
2304,395,True,False,2024-10-08 14:53:28.331
2305,396,False,False,2024-05-03 16:47:38.126
2306,396,False,False,2024-02-11 11:30:29.092
2307,396,False,False,2024-02-15 01:34:29.025
2308,396,True,False,2024-10-08 22:08:33.399
2309,397,False,False,2024-08-05 11:00:24.602
2310,397,False,False,2024-09-11 17:42:37.802
2311,397,False,False,2024-06-24 01:00:28.245
2312,397,False,False,2024-03-29 07:57:19.373
2313,397,True,False,2024-10-08 17:10:49.804
2314,398,False,False,2024-09-08 21:55:08.279
2315,398,False,False,2024-08-10 16:04:57.602
2316,398,False,False,2023-11-16 05:12:22.280
2317,398,False,False,2024-04-12 16:18:24.013
2318,398,True,False,2024-10-09 02:45:01.774
2319,399,False,False,2023-12-14 13:27:36.755
2320,399,True,False,2024-10-08 10:48:13.040
2321,400,False,False,2024-06-09 02:35:01.240
2322,400,False,False,2024-05-15 19:14:21.709
2323,400,True,False,2024-10-08 15:05:14.989
2324,401,False,False,2024-05-07 18:51:06.442
2325,401,False,False,2024-01-04 04:19:52.407
2326,401,False,False,2024-08-01 20:59:45.849
2327,401,True,False,2024-10-08 18:48:53.008
