notification_id,enroll_id,certificate_status,user_viewed,created_date
100,100,False,False,2024-08-25 12:20:29.338
101,100,False,False,2024-07-30 22:55:12.561
102,100,False,False,2024-02-21 01:38:15.058
103,100,True,False,2024-10-13 09:06:38.309
104,101,False,False,2023-11-25 22:39:11.447
105,101,False,False,2024-09-30 03:47:26.056
106,101,False,False,2023-12-20 06:38:27.232
107,101,True,False,2024-10-13 04:37:35.215
108,102,False,False,2024-05-30 02:52:54.668
109,102,False,False,2023-11-30 02:22:22.670
110,102,False,False,2024-04-11 09:59:31.040
111,102,False,False,2024-05-29 19:40:21.972
112,102,True,False,2024-10-13 13:07:24.219
113,103,False,False,2023-12-26 01:19:16.347
114,103,False,False,2024-01-16 01:24:50.850
115,103,True,False,2024-10-14 00:24:57.927
116,104,False,False,2024-05-10 05:23:20.011
117,104,True,False,2024-10-13 22:43:25.731
118,105,False,False,2024-08-18 14:30:08.288
119,105,False,False,2024-06-08 14:37:45.377
120,105,False,False,2024-03-05 17:42:18.750
121,105,True,False,2024-10-13 12:18:16.196
122,106,False,False,2023-12-03 22:47:57.369
123,106,False,False,2024-02-29 06:37:21.653
124,106,True,False,2024-10-13 07:01:14.999
1,4,True,False,2024-10-07 04:34:06.961
125,107,False,False,2024-07-10 04:04:43.735
126,107,False,False,2024-08-22 05:57:38.307
127,107,False,False,2023-12-02 11:37:25.265
4,3,True,True,2024-10-07 05:08:31.476
128,107,False,False,2024-04-17 15:31:13.406
129,107,True,False,2024-10-13 20:28:18.835
130,108,False,False,2023-12-04 07:46:34.199
131,108,True,False,2024-10-13 05:11:15.121
132,109,False,False,2024-07-02 08:43:51.762
133,109,True,False,2024-10-13 20:39:49.019
2,2,False,False,2024-10-07 04:34:44.814
5,2,False,False,2024-10-07 05:50:16.120
7,2,False,False,2024-10-07 08:44:00.779
8,2,False,False,2024-10-07 08:59:13.344
9,2,False,False,2024-10-07 09:00:26.444
10,3,False,False,2024-05-03 20:29:23.545
11,3,False,False,2024-03-20 00:17:21.693
12,3,True,False,2024-10-08 21:05:29.592
13,2,False,False,2024-05-30 11:12:09.485
14,2,False,False,2023-12-03 16:35:28.812
15,4,False,False,2023-12-10 11:04:55.725
16,4,False,False,2024-05-26 01:36:51.320
17,4,False,False,2024-09-02 14:15:53.202
18,4,False,False,2024-01-07 17:19:34.864
19,4,True,False,2024-10-08 09:37:42.482
20,5,False,False,2024-03-21 09:26:51.695
21,5,False,False,2024-06-28 06:26:46.098
22,5,False,False,2024-01-20 09:20:00.668
134,110,False,False,2023-12-09 03:05:07.512
135,110,False,False,2024-03-10 11:49:23.133
136,110,False,False,2024-03-16 16:15:23.930
137,111,False,False,2024-04-02 04:49:28.354
138,111,False,False,2023-11-02 00:59:23.177
139,111,False,False,2024-09-16 09:10:24.634
140,112,False,False,2024-08-22 18:35:23.807
141,112,False,False,2024-01-08 05:17:13.927
142,112,False,False,2024-09-16 05:14:44.358
143,112,True,False,2024-10-13 08:07:46.245
144,113,False,False,2024-06-30 10:26:00.018
145,113,False,False,2024-09-29 13:34:58.449
146,113,False,False,2024-07-30 21:44:13.006
147,113,False,False,2024-02-18 03:16:44.321
148,113,False,False,2024-04-25 09:02:40.375
149,113,True,False,2024-10-13 21:40:15.861
150,114,False,False,2024-06-09 02:24:00.609
151,114,False,False,2023-12-23 06:54:16.211
152,114,False,False,2024-03-18 11:57:44.643
153,114,True,False,2024-10-13 21:40:34.768
154,115,False,False,2024-08-08 23:25:30.149
155,115,False,False,2023-11-16 09:51:16.827
156,115,True,False,2024-10-13 21:57:37.785
157,116,False,False,2023-12-02 15:54:46.439
158,116,False,False,2023-10-20 23:57:48.134
159,116,False,False,2024-06-06 12:24:00.653
160,116,False,False,2024-09-02 04:17:29.119
161,116,False,False,2024-07-20 16:12:48.242
162,116,True,False,2024-10-13 23:42:14.255
163,117,False,False,2024-04-27 02:29:58.057
164,117,False,False,2024-09-28 01:41:47.340
165,117,False,False,2023-10-27 02:33:07.555
166,117,False,False,2024-07-10 10:41:37.568
167,117,False,False,2024-03-29 04:46:11.933
168,117,True,False,2024-10-13 14:31:49.278
169,3,False,False,2024-09-17 00:03:38.985
170,3,False,False,2024-02-17 00:45:20.255
171,3,False,False,2024-02-06 04:23:26.531
172,3,False,False,2024-03-09 23:39:56.647
173,3,True,False,2024-10-13 15:20:37.725
174,118,False,False,2024-09-23 13:08:59.312
175,118,False,False,2023-11-24 02:20:10.658
176,118,False,False,2023-12-06 17:01:45.915
177,118,False,False,2024-08-06 00:50:30.255
178,118,False,False,2024-09-13 21:06:09.247
179,119,False,False,2024-07-10 15:23:42.550
180,119,False,False,2023-12-24 15:47:44.501
181,119,False,False,2023-11-07 14:19:49.092
182,119,False,False,2024-02-27 08:20:33.738
183,119,True,False,2024-10-13 18:56:27.354
184,120,False,False,2024-02-03 16:05:41.916
185,120,True,False,2024-10-13 18:32:51.216
186,121,False,False,2024-06-28 17:11:22.746
187,121,False,False,2024-05-18 21:24:45.038
188,121,False,False,2024-05-22 23:00:36.799
189,121,False,False,2023-11-15 12:37:34.247
190,122,False,False,2024-06-26 12:49:54.567
191,122,True,False,2024-10-14 02:42:20.665
192,123,False,False,2024-06-26 05:50:56.520
193,123,True,False,2024-10-13 07:22:03.367
194,2,False,False,2024-01-21 19:03:39.766
195,2,False,False,2024-07-11 23:07:02.980
196,2,False,False,2023-10-21 19:33:01.773
197,4,False,False,2024-04-20 05:22:20.185
198,4,False,False,2024-04-12 03:11:26.730
199,4,False,False,2024-03-26 15:51:56.561
200,4,True,False,2024-10-13 13:51:07.900
201,5,False,False,2024-01-15 16:57:39.040
202,5,False,False,2024-01-04 17:13:51.496
203,5,False,False,2024-06-09 09:30:32.114
204,5,False,False,2024-05-20 12:40:21.280
205,124,False,False,2024-08-19 05:37:07.060
206,124,False,False,2023-11-23 08:59:08.723
207,124,False,False,2024-05-28 12:05:10.559
208,124,True,False,2024-10-13 18:03:02.341
209,125,False,False,2024-05-23 07:12:46.174
210,125,False,False,2024-04-09 17:59:03.351
211,125,False,False,2024-02-18 18:00:49.550
212,125,False,False,2024-03-16 19:04:25.851
213,126,False,False,2023-11-12 13:30:21.934
214,126,False,False,2024-09-17 12:49:34.961
215,126,False,False,2024-05-31 10:53:49.965
216,126,False,False,2024-04-03 02:02:45.165
217,126,False,False,2024-01-16 13:10:36.482
218,127,False,False,2023-12-12 15:15:36.632
219,127,False,False,2024-03-16 03:23:31.308
220,127,True,False,2024-10-13 04:49:38.448
221,128,False,False,2024-03-02 20:28:09.941
222,128,False,False,2024-03-13 23:18:20.816
223,128,False,False,2024-07-16 10:40:42.238
224,128,True,False,2024-10-13 04:39:40.292
225,129,False,False,2024-01-03 00:46:54.314
226,129,False,False,2024-04-23 16:54:35.224
227,129,False,False,2024-09-25 19:27:08.850
228,129,False,False,2024-03-08 11:33:48.770
229,129,True,False,2024-10-14 02:38:28.213
230,130,False,False,2024-08-23 13:11:04.689
231,130,True,False,2024-10-13 12:01:55.381
232,131,False,False,2024-04-10 15:38:12.137
233,131,False,False,2024-05-19 17:54:17.343
234,131,False,False,2024-07-16 04:15:14.437
235,131,False,False,2024-06-11 11:18:15.086
236,131,False,False,2023-11-15 00:09:57.610
237,131,True,False,2024-10-13 14:06:56.212
238,132,False,False,2024-07-31 19:49:39.595
239,132,False,False,2024-07-10 18:05:00.769
240,132,False,False,2024-04-21 20:20:50.525
241,133,False,False,2024-02-23 02:40:11.240
242,133,False,False,2024-06-02 23:11:49.829
243,133,False,False,2024-05-16 00:05:21.254
244,133,False,False,2023-11-11 00:10:15.328
245,133,False,False,2024-03-11 06:51:08.168
246,133,True,False,2024-10-13 20:20:40.086
247,134,False,False,2024-07-01 00:29:02.947
248,135,False,False,2024-03-24 04:57:44.909
249,135,False,False,2024-01-20 20:07:46.020
250,135,False,False,2024-02-25 17:32:30.138
251,135,False,False,2024-08-18 11:00:27.887
252,135,False,False,2024-09-04 22:37:58.545
253,136,False,False,2024-06-25 11:44:37.611
254,136,False,False,2023-12-05 19:52:24.683
255,136,False,False,2024-01-25 16:18:33.238
256,136,False,False,2024-06-28 01:58:16.611
257,136,False,False,2024-05-30 22:22:30.823
258,137,False,False,2024-06-08 00:10:15.511
259,137,False,False,2024-09-06 12:15:18.229
260,137,False,False,2023-10-25 11:25:44.452
261,137,False,False,2024-02-28 13:04:41.310
262,137,True,False,2024-10-13 21:32:29.586
263,138,False,False,2024-05-18 10:34:11.293
264,139,False,False,2024-04-24 23:24:46.761
265,139,False,False,2024-04-04 11:30:15.417
266,139,False,False,2024-09-11 15:37:51.790
267,139,True,False,2024-10-13 07:07:32.626
268,140,False,False,2024-01-30 10:36:56.394
269,140,False,False,2023-12-23 19:58:01.001
270,141,False,False,2024-04-20 19:44:24.822
271,141,False,False,2023-12-18 13:59:37.896
272,141,False,False,2024-03-16 12:12:26.462
273,142,False,False,2024-02-17 13:27:24.273
274,143,False,False,2024-08-27 06:35:51.187
275,143,False,False,2024-07-21 16:45:19.961
276,143,True,False,2024-10-13 10:18:24.079
277,144,False,False,2024-08-05 08:57:55.936
278,144,False,False,2024-07-17 16:27:53.622
279,144,False,False,2024-05-19 23:39:35.439
280,145,False,False,2024-07-30 09:17:52.086
281,145,False,False,2024-02-28 23:13:54.278
282,145,False,False,2024-03-20 10:46:53.356
283,145,False,False,2023-11-23 18:42:36.946
284,145,True,False,2024-10-13 10:51:28.411
285,146,False,False,2024-09-25 05:50:19.236
286,147,False,False,2024-07-18 06:42:48.276
287,147,False,False,2024-07-30 17:23:50.492
288,147,True,False,2024-10-13 21:50:06.691
289,148,False,False,2024-03-09 14:28:22.263
290,148,False,False,2024-09-21 04:31:03.842
291,148,False,False,2024-06-02 20:29:39.387
292,148,False,False,2023-11-08 19:27:09.169
293,148,False,False,2024-06-02 09:30:55.804
294,149,False,False,2024-01-04 13:50:48.394
295,149,False,False,2024-07-27 20:46:57.607
296,149,True,False,2024-10-14 02:55:52.918
297,150,False,False,2024-10-11 21:47:42.867
298,150,False,False,2024-05-25 06:38:13.860
299,150,True,False,2024-10-13 12:29:38.483
300,151,False,False,2024-08-04 12:32:30.244
301,151,False,False,2024-03-24 07:49:53.888
302,151,False,False,2024-06-09 21:43:07.470
303,152,False,False,2023-11-12 09:29:33.707
304,152,False,False,2024-01-15 04:31:30.791
305,153,False,False,2024-08-08 22:18:53.237
306,153,True,False,2024-10-13 11:11:45.160
307,154,False,False,2023-10-21 09:22:59.111
308,154,False,False,2024-09-11 02:29:31.113
309,154,False,False,2024-08-16 17:47:42.581
310,154,True,False,2024-10-14 02:13:45.338
311,155,False,False,2023-12-16 02:56:50.546
312,155,True,False,2024-10-13 05:20:11.264
313,156,False,False,2023-10-20 21:36:06.092
314,156,False,False,2024-03-13 03:35:17.987
315,156,False,False,2024-07-03 08:06:34.738
316,156,False,False,2024-01-21 10:16:38.909
317,156,True,False,2024-10-13 22:35:54.041
318,157,False,False,2024-08-09 17:45:18.405
319,157,False,False,2024-03-28 01:02:30.686
320,157,False,False,2024-08-02 06:32:13.504
321,157,False,False,2023-12-15 15:14:47.976
322,157,True,False,2024-10-13 17:09:55.289
323,158,False,False,2023-11-14 07:26:58.916
324,158,False,False,2024-06-20 05:47:14.237
325,158,False,False,2024-07-15 06:05:36.873
326,158,False,False,2023-11-23 23:27:13.694
327,158,False,False,2024-02-13 09:10:05.390
328,158,True,False,2024-10-13 07:01:05.361
329,159,False,False,2024-02-06 01:53:28.242
330,159,False,False,2024-07-03 13:54:02.735
331,159,False,False,2024-04-09 15:42:22.342
332,159,False,False,2024-02-07 11:59:58.559
333,159,True,False,2024-10-13 13:28:20.809
334,160,False,False,2024-01-15 17:28:19.033
335,160,False,False,2024-08-07 00:50:22.650
336,160,True,False,2024-10-14 01:07:46.568
337,161,False,False,2024-10-13 08:01:11.513
338,161,False,False,2024-08-27 11:46:04.015
339,161,False,False,2024-04-25 18:47:16.425
340,161,True,False,2024-10-13 10:11:00.578
341,162,False,False,2024-05-13 01:12:11.004
342,162,True,False,2024-10-14 01:11:02.924
343,163,False,False,2024-09-12 02:14:22.471
344,163,False,False,2024-01-24 11:27:21.533
345,163,False,False,2024-09-01 12:26:46.950
346,163,False,False,2023-12-22 03:56:23.871
347,163,False,False,2024-07-31 03:56:41.184
348,164,False,False,2023-11-09 22:47:04.188
349,164,False,False,2024-08-11 12:49:14.577
350,164,True,False,2024-10-13 22:20:48.169
351,165,False,False,2024-07-15 17:09:09.955
352,165,False,False,2024-08-09 23:32:54.988
353,165,False,False,2024-03-12 23:28:24.281
354,166,False,False,2023-11-03 05:50:59.905
355,166,False,False,2024-05-20 04:56:37.036
356,166,False,False,2024-09-29 16:55:25.967
357,166,True,False,2024-10-13 12:20:17.516
358,167,False,False,2024-10-07 13:04:26.532
359,167,False,False,2023-10-16 04:12:15.352
360,168,False,False,2024-04-11 10:20:18.956
361,168,False,False,2024-06-22 09:32:59.482
362,168,False,False,2023-12-13 02:58:47.107
363,168,False,False,2024-08-17 03:26:34.546
364,168,False,False,2024-02-16 10:16:47.707
365,169,False,False,2024-07-14 02:00:57.823
366,169,False,False,2024-03-28 00:19:15.792
367,169,False,False,2024-09-27 12:55:20.288
368,169,False,False,2023-12-04 22:45:07.003
369,169,True,False,2024-10-14 02:49:44.673
370,170,False,False,2024-09-13 11:14:06.310
371,170,False,False,2024-07-18 15:45:23.886
372,170,False,False,2023-10-19 16:12:03.471
373,171,False,False,2024-05-23 01:02:57.817
374,171,False,False,2024-06-23 05:14:40.066
375,171,False,False,2024-01-03 22:29:47.070
376,171,False,False,2023-12-05 02:15:38.417
377,172,False,False,2024-04-30 11:47:06.424
378,173,False,False,2023-12-30 18:09:49.283
379,173,False,False,2024-05-03 08:31:21.171
380,173,False,False,2024-02-21 22:32:59.481
381,174,False,False,2023-10-29 01:02:10.575
382,174,False,False,2024-02-03 23:08:38.113
383,174,False,False,2023-12-17 05:09:22.740
384,174,False,False,2023-11-28 00:57:33.141
385,174,False,False,2023-12-17 11:56:23.121
386,174,True,False,2024-10-13 04:42:06.279
387,175,False,False,2024-05-07 17:25:37.392
388,175,False,False,2023-11-16 22:22:11.599
389,175,False,False,2024-07-31 16:46:44.605
390,175,False,False,2023-11-07 21:00:35.586
391,175,True,False,2024-10-13 19:25:28.872
392,176,False,False,2024-09-06 20:48:22.563
393,176,False,False,2024-02-03 17:04:46.203
394,176,False,False,2024-07-20 18:57:05.488
395,176,False,False,2024-03-14 09:24:00.279
396,176,False,False,2024-01-22 07:50:35.796
397,176,True,False,2024-10-13 12:07:39.112
398,177,False,False,2024-07-24 13:33:01.925
399,177,False,False,2024-09-27 11:38:26.072
400,177,False,False,2023-12-02 15:40:36.822
401,177,False,False,2023-11-30 14:06:41.427
402,177,False,False,2024-08-10 07:54:28.943
403,177,True,False,2024-10-13 16:27:43.143
404,178,False,False,2023-11-04 08:30:41.030
405,178,False,False,2024-03-26 03:04:10.832
406,178,False,False,2024-05-21 20:47:49.597
407,178,False,False,2023-10-20 06:43:18.050
408,178,False,False,2024-07-29 04:00:42.603
409,178,True,False,2024-10-13 15:45:34.015
410,179,False,False,2024-03-23 13:20:51.558
411,179,True,False,2024-10-13 12:40:49.896
412,180,False,False,2024-04-21 05:38:46.628
413,180,False,False,2024-09-08 15:07:40.125
414,180,True,False,2024-10-13 12:51:34.276
415,181,False,False,2023-11-17 13:44:13.980
416,181,False,False,2024-03-26 04:28:08.836
417,181,True,False,2024-10-13 19:28:29.374
418,182,False,False,2024-09-21 19:21:51.688
419,182,True,False,2024-10-13 06:28:08.883
420,183,False,False,2024-05-04 07:05:28.264
421,183,False,False,2024-09-08 13:53:42.598
422,183,True,False,2024-10-13 10:20:54.054
423,184,False,False,2024-07-31 11:45:10.331
424,184,False,False,2024-02-28 18:09:00.705
425,185,False,False,2024-03-13 14:39:37.533
426,186,False,False,2024-07-26 04:29:21.805
427,186,False,False,2024-01-30 05:17:51.983
428,186,False,False,2024-04-15 21:40:38.182
429,187,False,False,2024-09-14 19:00:57.513
430,187,False,False,2023-11-11 21:35:50.562
431,187,True,False,2024-10-13 06:02:17.525
432,188,False,False,2024-06-14 01:22:20.793
433,188,False,False,2024-03-25 11:04:29.956
434,188,False,False,2024-07-23 00:23:30.109
435,188,False,False,2024-08-10 23:20:25.692
436,188,False,False,2024-10-11 13:21:27.114
437,188,True,False,2024-10-13 22:08:51.722
438,189,False,False,2024-03-11 08:41:54.592
439,189,False,False,2024-04-12 18:44:12.449
440,189,False,False,2024-04-04 02:26:16.848
441,189,True,False,2024-10-14 03:34:35.690
442,190,False,False,2024-03-14 14:51:15.821
443,190,False,False,2024-10-11 10:49:22.837
444,190,False,False,2024-07-23 10:28:56.909
445,191,False,False,2024-02-08 22:48:48.773
446,192,False,False,2024-06-21 02:43:30.332
447,192,False,False,2024-08-19 00:18:17.782
448,192,False,False,2024-05-22 19:27:11.438
449,192,False,False,2024-03-19 09:13:37.943
450,192,True,False,2024-10-13 20:53:04.965
451,193,False,False,2024-05-22 13:01:35.940
452,193,False,False,2024-03-21 17:16:53.546
453,193,True,False,2024-10-13 15:32:47.539
454,194,False,False,2024-05-06 22:00:28.770
455,194,False,False,2024-01-19 23:48:03.254
456,195,False,False,2024-04-26 02:27:21.689
457,195,False,False,2023-11-22 08:31:48.190
458,195,False,False,2023-11-10 05:25:39.651
459,195,False,False,2024-06-30 21:32:32.509
460,195,False,False,2024-01-14 19:49:22.508
461,196,False,False,2024-09-14 15:04:44.371
462,196,False,False,2023-12-16 05:14:46.606
463,196,False,False,2024-09-08 19:31:18.593
464,196,False,False,2024-01-28 16:17:42.931
465,196,True,False,2024-10-13 14:17:17.745
466,197,False,False,2024-06-26 11:14:02.853
467,197,True,False,2024-10-13 04:24:03.730
468,198,False,False,2024-06-25 12:48:31.300
469,198,False,False,2024-03-11 11:09:49.826
470,198,False,False,2023-10-21 01:03:40.042
471,198,False,False,2024-09-19 07:02:42.976
472,198,True,False,2024-10-13 18:46:34.898
473,199,False,False,2024-01-09 14:28:00.755
474,199,True,False,2024-10-13 15:20:57.393
475,200,False,False,2024-02-11 19:38:54.608
476,200,False,False,2024-04-16 09:16:22.908
477,200,False,False,2024-07-15 16:24:14.285
478,200,False,False,2024-02-24 17:39:32.495
479,200,False,False,2024-01-01 19:42:14.690
480,200,True,False,2024-10-14 00:13:22.493
481,201,False,False,2024-04-01 14:54:38.812
482,201,False,False,2024-02-11 09:55:22.091
483,201,False,False,2024-01-20 16:20:33.711
484,201,True,False,2024-10-13 15:16:28.690
485,202,False,False,2024-10-08 06:30:05.714
486,202,False,False,2023-10-30 20:04:00.862
487,202,False,False,2024-04-26 18:46:18.600
488,202,False,False,2024-07-10 14:02:33.015
489,202,False,False,2024-05-09 11:34:10.581
490,202,True,False,2024-10-14 03:21:32.200
491,203,False,False,2024-08-16 21:29:39.537
492,203,False,False,2024-01-16 07:14:09.885
493,203,True,False,2024-10-13 05:50:55.299
494,204,False,False,2024-04-25 05:47:28.652
495,204,False,False,2023-11-23 01:51:09.823
496,204,False,False,2024-05-29 12:23:38.965
497,204,False,False,2024-02-20 23:33:41.740
498,204,True,False,2024-10-13 17:30:28.574
499,205,False,False,2024-10-01 00:56:23.620
500,205,False,False,2024-07-02 23:39:15.215
501,205,False,False,2024-04-20 17:31:12.250
502,205,False,False,2023-11-01 12:53:50.465
503,205,True,False,2024-10-14 03:30:52.898
504,206,False,False,2024-08-02 21:57:31.205
505,206,False,False,2024-09-12 18:05:55.452
506,206,True,False,2024-10-13 05:30:11.404
507,207,False,False,2023-12-30 04:02:20.329
508,207,False,False,2023-11-17 04:31:37.441
509,207,True,False,2024-10-13 17:49:58.220
510,208,False,False,2024-05-14 01:42:10.564
511,208,False,False,2024-09-05 05:11:08.851
512,208,False,False,2024-05-28 13:05:47.286
513,208,False,False,2024-03-22 21:01:01.910
514,208,False,False,2023-12-05 07:05:59.435
515,208,True,False,2024-10-13 22:52:57.725
516,209,False,False,2024-07-01 20:06:45.124
517,209,False,False,2024-07-03 16:20:01.872
518,209,False,False,2024-05-06 11:12:24.939
519,209,False,False,2024-04-02 03:19:41.340
520,209,True,False,2024-10-13 23:11:44.075
521,210,False,False,2024-04-03 21:06:22.666
522,210,False,False,2024-03-20 01:08:39.154
523,210,False,False,2023-11-15 22:13:25.134
524,210,True,False,2024-10-13 07:19:06.367
525,211,False,False,2024-08-25 04:56:41.168
526,211,False,False,2024-07-24 04:43:51.791
527,211,False,False,2024-08-16 13:29:09.873
528,211,False,False,2024-04-18 10:06:29.366
529,211,False,False,2023-10-25 08:19:07.918
530,211,True,False,2024-10-13 13:35:39.627
531,212,False,False,2023-12-07 15:59:24.125
532,212,False,False,2023-11-03 00:03:52.769
533,212,False,False,2023-12-02 00:27:27.164
534,212,False,False,2024-04-10 00:45:22.828
535,212,True,False,2024-10-14 00:18:18.121
536,213,False,False,2023-12-25 16:00:57.916
537,213,False,False,2023-12-13 05:54:18.495
538,213,False,False,2024-03-14 08:40:02.041
539,213,False,False,2024-10-03 08:33:17.067
540,213,False,False,2024-03-16 22:34:12.188
541,213,True,False,2024-10-13 23:30:30.539
542,214,False,False,2024-03-16 02:41:15.406
543,214,False,False,2024-09-15 17:27:16.264
544,214,True,False,2024-10-13 10:45:19.053
545,215,False,False,2024-04-13 06:35:31.773
546,215,False,False,2023-12-30 10:38:41.165
547,215,True,False,2024-10-13 06:24:15.755
548,216,False,False,2024-05-03 13:14:32.503
549,216,True,False,2024-10-14 01:39:50.784
550,217,False,False,2024-09-07 16:58:26.681
551,217,False,False,2024-03-03 14:53:30.770
552,217,False,False,2024-04-03 20:21:26.100
553,217,True,False,2024-10-13 15:37:26.522
554,218,False,False,2024-07-06 11:34:55.296
555,218,False,False,2023-12-07 20:13:22.438
556,218,False,False,2024-05-28 04:33:45.021
557,218,True,False,2024-10-13 22:55:31.251
558,219,False,False,2024-05-31 09:17:13.790
559,219,False,False,2023-12-05 04:51:50.274
560,219,False,False,2024-06-15 12:12:41.598
561,219,False,False,2023-10-21 08:00:12.804
562,220,False,False,2024-10-08 18:37:04.175
563,220,False,False,2024-08-05 11:58:10.632
564,220,False,False,2024-02-04 03:22:05.744
565,220,True,False,2024-10-13 10:51:18.399
566,221,False,False,2024-04-14 05:35:11.670
567,221,False,False,2024-08-17 12:53:43.027
568,221,True,False,2024-10-13 10:14:02.520
569,222,False,False,2024-02-05 17:47:56.557
570,222,False,False,2024-07-25 13:49:10.891
571,222,False,False,2023-11-15 01:29:30.087
572,222,False,False,2024-02-18 02:58:45.203
573,223,False,False,2024-07-11 00:47:27.461
574,223,True,False,2024-10-13 08:06:39.393
575,224,False,False,2023-11-30 14:33:59.686
576,224,True,False,2024-10-13 13:01:26.418
577,225,False,False,2024-01-01 05:31:51.352
578,225,False,False,2024-02-06 05:20:30.662
579,225,False,False,2024-08-02 19:58:49.375
580,225,False,False,2024-02-23 04:40:07.241
581,225,True,False,2024-10-14 00:41:37.590
582,226,False,False,2024-02-08 20:14:28.472
583,226,True,False,2024-10-13 05:47:41.655
584,227,False,False,2024-07-11 06:13:09.629
585,227,True,False,2024-10-13 05:34:10.450
586,228,False,False,2024-01-14 15:19:23.546
587,228,False,False,2024-08-10 14:40:16.301
588,228,False,False,2024-05-05 15:11:46.611
589,229,False,False,2024-09-07 11:56:05.248
590,229,False,False,2024-08-29 20:55:12.592
591,229,False,False,2024-04-02 07:35:44.511
592,229,False,False,2023-12-12 08:03:40.570
593,229,False,False,2024-02-17 16:57:34.743
594,229,True,False,2024-10-13 08:57:45.929
595,230,False,False,2024-04-26 14:28:58.346
596,230,False,False,2024-05-11 23:00:53.336
597,231,False,False,2024-02-02 08:16:20.438
598,231,False,False,2024-07-14 03:01:08.232
599,231,False,False,2024-07-19 14:34:37.979
600,231,False,False,2024-10-10 19:01:09.223
601,232,False,False,2024-01-21 20:17:59.151
602,232,True,False,2024-10-14 03:47:35.456
603,233,False,False,2024-01-02 04:19:38.067
604,233,True,False,2024-10-13 18:10:19.966
605,234,False,False,2023-10-22 12:39:17.918
606,234,False,False,2024-08-31 20:50:08.424
607,234,False,False,2024-02-29 10:27:49.349
608,234,False,False,2024-09-19 22:47:09.314
609,235,False,False,2023-12-02 18:39:33.165
610,235,False,False,2024-08-31 02:59:13.115
611,235,False,False,2024-09-09 21:11:22.903
612,235,False,False,2024-09-02 09:51:46.941
613,236,False,False,2024-02-21 00:22:49.215
614,236,False,False,2024-06-20 05:23:45.408
615,236,False,False,2024-05-11 00:11:34.775
616,237,False,False,2024-03-06 18:28:27.879
617,237,False,False,2024-01-10 22:43:37.181
618,237,False,False,2024-05-20 11:48:06.296
619,237,False,False,2024-06-06 13:58:13.293
620,237,False,False,2024-09-13 02:01:30.048
621,237,True,False,2024-10-13 08:01:42.351
622,238,False,False,2024-04-08 21:17:38.410
623,238,False,False,2024-04-09 18:18:20.894
624,238,False,False,2024-05-19 07:40:01.523
625,238,False,False,2024-10-04 04:37:49.868
626,238,True,False,2024-10-13 04:49:46.815
627,239,False,False,2023-10-26 13:21:20.101
628,240,False,False,2024-03-28 06:05:29.764
629,240,False,False,2023-11-12 08:29:22.339
630,240,False,False,2024-09-08 06:33:44.878
631,240,False,False,2024-07-07 04:47:39.279
632,240,True,False,2024-10-13 20:07:44.658
633,241,False,False,2023-12-11 16:20:38.801
634,241,False,False,2024-01-07 12:34:30.814
635,241,False,False,2024-06-30 21:35:52.063
636,241,False,False,2024-10-09 12:26:42.958
637,241,True,False,2024-10-13 21:06:59.114
638,242,False,False,2023-12-07 23:25:04.953
639,242,False,False,2024-02-15 23:02:43.737
640,242,False,False,2023-12-01 11:30:16.045
641,242,False,False,2024-05-10 13:51:28.418
642,242,True,False,2024-10-13 17:34:00.345
643,243,False,False,2024-02-25 03:22:55.909
644,243,False,False,2023-11-14 22:27:04.687
645,243,False,False,2023-11-22 21:56:35.341
646,243,False,False,2024-09-19 22:50:08.399
647,243,False,False,2023-12-05 23:11:41.322
648,243,True,False,2024-10-13 16:41:55.733
649,244,False,False,2023-11-22 19:12:52.571
650,244,True,False,2024-10-14 02:47:04.696
651,245,False,False,2024-06-19 20:30:18.032
652,245,True,False,2024-10-13 17:02:19.535
653,246,False,False,2023-11-15 07:07:12.607
654,246,False,False,2023-11-26 03:24:29.942
655,246,True,False,2024-10-13 18:26:31.432
656,247,False,False,2023-11-20 05:02:23.985
657,247,True,False,2024-10-14 00:16:41.324
658,248,False,False,2024-03-31 08:06:17.710
659,248,True,False,2024-10-13 13:36:43.860
660,249,False,False,2024-08-23 04:34:03.164
661,250,False,False,2023-12-20 06:34:07.067
662,250,False,False,2024-08-17 07:09:53.398
663,250,False,False,2024-01-26 21:27:57.263
664,250,False,False,2024-06-04 12:09:35.618
665,250,False,False,2024-02-16 18:06:29.875
666,250,True,False,2024-10-13 21:06:28.104
667,251,False,False,2023-11-05 10:35:18.485
668,251,False,False,2023-12-21 02:39:08.116
669,251,False,False,2023-12-02 00:34:52.721
670,251,False,False,2024-06-09 20:08:18.203
671,251,True,False,2024-10-13 13:00:34.548
672,252,False,False,2024-07-02 02:54:41.909
673,252,False,False,2023-10-20 00:27:45.499
674,253,False,False,2023-12-12 07:59:58.202
675,253,False,False,2023-11-06 17:48:26.311
676,253,False,False,2024-02-02 09:25:46.144
677,253,False,False,2024-09-10 02:47:59.906
678,253,False,False,2024-04-19 14:33:51.211
679,253,True,False,2024-10-13 14:34:22.225
680,254,False,False,2024-03-27 20:38:59.851
681,254,False,False,2024-03-08 09:55:36.010
682,254,False,False,2023-10-20 07:39:07.979
683,254,False,False,2024-06-28 14:52:56.773
684,254,True,False,2024-10-13 17:01:38.177
685,255,False,False,2024-05-12 05:13:48.387
686,255,False,False,2024-02-09 11:12:01.233
687,255,False,False,2024-03-10 06:14:07.718
688,255,False,False,2024-09-09 22:33:30.785
689,256,False,False,2023-10-23 18:01:10.032
690,256,False,False,2024-02-13 01:29:04.828
691,256,False,False,2024-10-02 11:36:18.350
692,256,False,False,2024-05-30 12:08:57.472
693,256,False,False,2023-12-30 14:37:48.872
694,257,False,False,2024-02-13 02:54:29.386
695,257,False,False,2024-04-06 00:55:59.040
696,257,False,False,2024-06-04 00:52:43.323
697,257,False,False,2023-12-05 12:16:38.236
698,257,False,False,2023-12-29 11:04:02.855
699,258,False,False,2023-12-08 16:22:27.018
700,259,False,False,2023-12-04 20:19:57.742
701,259,False,False,2024-03-14 01:10:16.356
702,259,True,False,2024-10-13 06:03:44.957
703,260,False,False,2023-11-23 06:18:21.448
704,260,False,False,2024-07-26 22:13:02.769
705,260,False,False,2024-03-26 17:24:40.852
706,260,False,False,2023-12-11 22:30:50.195
707,260,False,False,2024-03-08 03:23:07.508
708,260,True,False,2024-10-14 00:26:35.506
709,261,False,False,2024-10-03 08:15:50.161
710,261,False,False,2024-01-10 00:50:38.967
711,261,True,False,2024-10-13 16:35:54.938
712,262,False,False,2024-02-18 12:34:17.188
713,262,False,False,2024-08-30 14:23:09.759
714,262,False,False,2024-04-10 21:11:28.794
715,262,False,False,2024-07-16 01:13:49.057
716,262,False,False,2024-03-02 10:04:22.396
717,262,True,False,2024-10-13 11:12:20.883
718,263,False,False,2024-05-03 02:48:18.094
719,263,False,False,2024-07-15 01:42:02.648
720,263,False,False,2024-08-30 13:06:36.868
721,263,False,False,2024-01-21 15:32:02.480
722,263,False,False,2023-12-23 09:22:32.748
723,263,True,False,2024-10-13 04:10:06.560
724,264,False,False,2023-12-15 01:04:04.317
725,264,False,False,2024-03-16 10:33:06.348
726,264,False,False,2023-12-25 09:24:02.092
727,264,False,False,2024-01-05 07:55:41.696
728,264,True,False,2024-10-13 16:35:14.645
729,265,False,False,2024-04-25 18:39:51.286
730,265,False,False,2024-01-08 11:52:02.968
731,266,False,False,2024-02-23 10:46:49.254
732,266,False,False,2024-09-04 05:05:14.237
733,266,False,False,2024-05-03 21:26:33.665
734,266,False,False,2024-02-19 03:58:30.055
735,266,True,False,2024-10-13 16:22:05.743
736,267,False,False,2023-12-27 09:51:50.416
737,267,False,False,2024-07-27 01:07:26.438
738,267,False,False,2023-12-19 03:27:56.606
739,267,False,False,2024-07-22 12:53:45.919
740,267,True,False,2024-10-13 21:04:02.726
741,268,False,False,2024-07-22 17:31:16.849
742,269,False,False,2024-05-16 22:05:25.084
743,269,False,False,2024-06-05 19:14:06.428
744,269,False,False,2024-07-10 06:07:33.765
745,269,False,False,2024-03-16 00:06:19.190
746,269,False,False,2024-07-12 21:15:03.483
747,270,False,False,2023-11-10 04:34:38.671
748,270,False,False,2024-04-27 02:32:44.554
749,270,False,False,2024-04-18 09:43:30.277
750,270,False,False,2024-01-28 05:37:11.221
751,270,False,False,2024-07-15 17:19:15.123
752,270,True,False,2024-10-13 22:02:52.298
753,271,False,False,2024-08-30 04:51:39.777
754,271,False,False,2023-12-11 08:23:37.309
755,271,False,False,2024-05-15 19:51:46.298
756,271,False,False,2024-04-21 09:35:53.217
757,271,False,False,2024-05-19 18:19:33.347
758,271,True,False,2024-10-13 10:56:18.438
759,272,False,False,2024-09-22 18:05:19.867
760,272,False,False,2024-01-30 02:47:09.846
761,272,False,False,2024-05-21 16:29:25.761
762,272,False,False,2024-03-11 08:29:49.410
763,272,True,False,2024-10-13 12:12:32.831
764,273,False,False,2024-02-24 13:53:54.936
765,274,False,False,2023-11-24 13:25:00.739
766,274,False,False,2024-02-09 20:42:54.530
767,274,False,False,2024-04-13 16:31:03.376
768,274,False,False,2024-08-10 06:23:57.575
769,274,True,False,2024-10-13 21:39:53.380
770,275,False,False,2024-02-24 14:13:49.209
771,275,True,False,2024-10-13 18:12:22.071
772,276,False,False,2024-05-02 14:36:00.658
773,276,False,False,2024-02-08 01:42:20.973
774,276,False,False,2024-07-26 11:53:44.963
775,276,False,False,2024-08-29 06:17:04.910
776,276,True,False,2024-10-13 11:58:20.371
777,277,False,False,2024-02-25 19:29:19.509
778,277,False,False,2024-04-29 00:49:27.366
779,277,False,False,2023-12-24 06:39:40.906
780,277,True,False,2024-10-13 13:13:20.635
781,278,False,False,2024-03-11 03:45:59.691
782,278,False,False,2024-06-30 01:00:09.903
783,279,False,False,2024-04-14 10:00:51.528
784,279,False,False,2024-01-27 00:37:31.013
785,279,False,False,2024-06-08 01:32:26.240
786,279,False,False,2024-06-19 01:44:15.076
787,280,False,False,2024-04-03 00:26:53.147
788,280,False,False,2024-09-01 17:44:39.571
789,280,False,False,2024-09-08 15:56:57.876
790,281,False,False,2024-03-26 10:46:36.929
791,281,True,False,2024-10-13 15:03:16.850
792,282,False,False,2024-07-02 12:10:22.439
793,282,False,False,2024-04-03 14:20:59.207
794,282,False,False,2024-09-03 19:43:04.042
795,282,False,False,2024-04-06 06:38:18.120
796,282,False,False,2024-09-08 17:06:02.398
797,283,False,False,2024-06-14 05:39:19.398
798,283,False,False,2024-03-09 17:17:12.398
799,283,False,False,2024-05-08 19:52:51.329
800,283,False,False,2024-04-20 13:12:36.081
801,283,False,False,2024-07-19 15:40:07.293
802,284,False,False,2024-03-01 16:04:15.453
803,284,False,False,2024-08-27 05:29:39.625
804,284,False,False,2024-05-19 16:19:27.568
805,284,False,False,2024-01-13 02:43:10.358
806,285,False,False,2024-05-27 12:32:51.950
807,285,False,False,2024-06-12 13:25:31.415
808,285,False,False,2023-12-03 18:49:17.352
809,285,False,False,2024-05-17 08:21:08.670
810,286,False,False,2024-01-10 18:36:52.758
811,286,False,False,2024-02-29 08:44:46.411
812,286,False,False,2024-09-25 07:34:10.233
813,287,False,False,2023-12-12 16:25:27.069
814,287,False,False,2024-07-08 11:52:17.170
815,287,False,False,2023-11-13 17:06:05.173
816,287,True,False,2024-10-13 05:30:21.473
817,288,False,False,2024-05-08 07:40:06.309
818,288,False,False,2023-11-06 05:06:09.006
819,288,False,False,2024-01-29 22:54:58.602
820,288,False,False,2023-12-18 00:37:28.562
821,288,False,False,2024-09-16 05:15:50.034
822,288,True,False,2024-10-13 23:18:57.137
823,289,False,False,2024-08-11 06:54:38.305
824,289,False,False,2024-04-16 23:02:04.017
825,289,True,False,2024-10-14 01:05:55.758
826,290,False,False,2023-11-19 12:39:16.004
827,290,False,False,2024-08-05 00:40:33.698
828,290,False,False,2023-12-06 11:35:39.496
829,290,False,False,2024-03-19 03:12:53.250
830,290,False,False,2024-07-08 16:03:07.069
831,290,True,False,2024-10-13 14:18:38.046
832,291,False,False,2023-12-23 12:06:51.466
833,291,False,False,2024-07-21 23:52:09.643
834,291,False,False,2024-09-17 01:36:41.641
835,291,False,False,2024-07-03 08:45:56.405
836,291,False,False,2023-11-26 11:50:55.664
837,292,False,False,2024-08-29 13:13:17.064
838,292,False,False,2024-08-06 08:48:11.514
839,292,False,False,2023-10-16 01:50:00.190
840,292,False,False,2024-09-16 11:54:21.769
841,292,False,False,2024-04-06 01:25:02.800
842,293,False,False,2024-05-05 03:33:02.443
843,293,False,False,2023-11-05 09:57:04.152
844,293,False,False,2024-06-11 16:48:07.404
845,293,True,False,2024-10-13 18:30:45.925
846,294,False,False,2024-04-06 21:36:39.015
847,294,False,False,2024-10-05 21:21:26.821
848,294,False,False,2024-05-18 02:42:05.134
849,294,False,False,2024-06-21 17:02:53.385
850,294,False,False,2024-06-23 06:26:39.161
851,295,False,False,2024-07-14 20:29:47.198
852,295,True,False,2024-10-13 16:04:37.925
853,296,False,False,2024-04-01 19:18:57.231
854,296,False,False,2024-07-26 01:51:54.276
855,296,False,False,2023-11-17 06:39:43.834
856,296,True,False,2024-10-13 19:45:02.638
857,297,False,False,2024-07-17 21:31:45.035
858,297,False,False,2024-04-19 02:56:42.285
859,297,False,False,2024-10-09 21:58:23.988
860,297,False,False,2024-05-13 21:08:34.827
861,297,False,False,2024-06-27 23:26:19.837
862,297,True,False,2024-10-14 01:19:34.445
863,298,False,False,2023-10-21 03:01:54.530
864,298,False,False,2024-05-12 19:58:00.498
865,298,False,False,2024-10-07 20:27:22.848
866,298,True,False,2024-10-13 08:44:03.606
867,299,False,False,2024-07-03 01:41:21.271
868,299,False,False,2024-05-16 11:47:59.595
869,299,True,False,2024-10-13 15:22:27.800
870,300,False,False,2024-04-24 11:33:45.271
871,300,False,False,2024-02-23 19:30:33.490
872,300,False,False,2024-06-24 22:21:42.730
873,300,False,False,2024-06-30 07:15:10.374
874,301,False,False,2024-08-24 05:02:43.798
875,301,False,False,2023-11-13 06:09:20.572
876,301,False,False,2024-05-03 05:12:46.780
877,301,False,False,2024-06-05 03:27:47.758
878,301,False,False,2024-10-10 11:53:16.130
879,301,True,False,2024-10-13 19:26:31.446
880,302,False,False,2023-12-24 23:47:03.467
881,302,False,False,2024-05-19 17:56:10.929
882,302,True,False,2024-10-13 04:49:59.042
883,303,False,False,2024-10-11 00:01:39.005
884,304,False,False,2024-01-30 22:16:22.688
885,305,False,False,2024-09-13 12:19:15.790
886,305,False,False,2024-08-15 21:04:27.095
887,305,False,False,2024-04-19 10:06:35.197
888,305,False,False,2024-07-11 21:33:52.614
889,305,True,False,2024-10-13 15:53:16.946
890,306,False,False,2024-02-18 16:23:38.416
891,306,False,False,2024-07-17 05:54:57.068
892,306,False,False,2024-09-17 08:09:09.744
893,306,False,False,2024-05-19 15:40:08.283
894,306,True,False,2024-10-13 21:58:29.618
895,307,False,False,2024-04-06 07:15:44.662
896,307,False,False,2024-04-05 17:34:45.036
897,307,False,False,2024-05-16 09:41:32.129
898,307,True,False,2024-10-13 12:28:19.748
899,308,False,False,2024-04-29 00:32:53.718
900,308,True,False,2024-10-13 12:07:35.283
901,309,False,False,2024-06-05 03:16:31.329
902,309,True,False,2024-10-13 05:13:50.056
903,310,False,False,2024-03-11 04:36:43.302
904,310,False,False,2024-03-04 01:07:04.532
905,310,False,False,2024-03-07 14:56:09.068
906,310,False,False,2024-09-23 03:18:44.037
907,311,False,False,2023-11-10 13:38:31.862
908,311,False,False,2023-10-29 12:43:26.147
909,311,False,False,2024-09-11 23:12:48.445
910,311,False,False,2024-06-18 08:56:05.367
911,311,False,False,2023-10-20 06:43:53.467
912,312,False,False,2024-03-27 03:42:27.855
913,312,False,False,2023-11-26 20:31:48.939
914,312,False,False,2024-01-17 21:40:26.296
915,312,False,False,2023-12-02 18:17:13.854
916,312,False,False,2024-07-03 13:10:18.239
917,313,False,False,2024-04-26 06:25:24.088
918,313,False,False,2024-10-10 17:04:52.927
919,313,False,False,2024-07-20 14:58:07.061
920,313,True,False,2024-10-13 20:17:16.180
921,314,False,False,2024-05-16 17:29:33.271
922,314,False,False,2023-11-28 15:59:43.271
923,314,False,False,2024-06-21 14:48:50.695
924,314,False,False,2024-03-13 07:20:49.945
925,314,True,False,2024-10-13 19:35:02.467
926,315,False,False,2024-08-15 18:36:26.670
927,315,False,False,2024-06-13 08:54:51.273
928,315,False,False,2024-05-17 04:34:53.052
929,315,False,False,2024-10-01 16:17:38.154
930,315,True,False,2024-10-13 20:40:18.557
931,316,False,False,2024-02-16 23:13:40.525
932,316,False,False,2024-05-26 13:21:05.979
933,316,False,False,2024-02-05 01:55:23.025
934,316,False,False,2023-12-31 19:34:34.790
935,316,False,False,2023-11-29 07:02:27.811
936,317,False,False,2023-11-24 17:13:45.230
937,317,False,False,2024-07-18 22:02:25.901
938,318,False,False,2024-01-14 22:23:03.415
939,318,False,False,2024-09-10 01:50:49.823
940,319,False,False,2024-03-07 12:05:51.250
941,319,False,False,2024-04-02 02:17:34.361
942,319,False,False,2024-05-30 11:23:05.743
943,320,False,False,2024-06-22 17:14:15.922
944,320,False,False,2024-06-11 14:50:34.788
945,321,False,False,2024-07-27 18:47:03.867
946,321,False,False,2024-03-27 02:48:16.929
947,321,True,False,2024-10-13 15:50:08.678
948,322,False,False,2024-07-14 02:45:56.289
949,322,False,False,2024-09-18 14:49:55.105
950,322,False,False,2024-06-08 19:07:30.975
951,322,False,False,2023-11-27 18:51:28.565
952,322,True,False,2024-10-13 18:04:42.476
953,323,False,False,2023-11-06 04:32:55.426
954,323,False,False,2024-07-28 07:18:24.057
955,323,False,False,2024-05-22 01:04:53.466
956,323,True,False,2024-10-13 16:19:22.736
957,324,False,False,2024-05-29 00:01:30.741
958,324,True,False,2024-10-13 20:27:34.989
959,325,False,False,2023-12-21 13:05:25.350
960,325,False,False,2023-10-21 08:40:42.873
961,326,False,False,2024-03-27 03:58:34.011
962,326,False,False,2024-03-25 01:53:54.576
963,326,False,False,2023-11-14 14:54:10.900
964,326,False,False,2024-07-29 09:54:04.388
965,326,True,False,2024-10-13 22:01:30.420
966,327,False,False,2024-04-20 09:23:04.688
967,327,False,False,2024-01-15 21:01:35.434
968,327,False,False,2024-01-12 22:09:41.792
969,328,False,False,2024-03-19 13:53:25.076
970,328,True,False,2024-10-13 10:06:01.159
971,329,False,False,2024-06-27 11:18:10.895
972,329,False,False,2024-04-13 13:22:00.910
973,329,False,False,2024-05-07 02:49:46.573
974,329,False,False,2024-03-03 14:17:08.617
975,329,False,False,2024-04-18 06:03:43.805
976,329,True,False,2024-10-13 16:31:13.984
977,330,False,False,2023-11-24 08:21:47.679
978,330,False,False,2023-12-26 10:16:23.630
979,330,True,False,2024-10-13 15:56:59.019
980,331,False,False,2023-12-28 11:36:48.705
981,331,False,False,2024-04-09 18:29:32.395
982,331,True,False,2024-10-13 14:05:29.155
983,332,False,False,2024-08-01 11:33:48.679
984,332,False,False,2023-11-27 12:45:55.017
985,332,False,False,2023-12-31 18:09:02.807
986,332,False,False,2024-07-15 19:17:03.194
987,332,True,False,2024-10-13 22:13:20.118
988,333,False,False,2024-08-20 03:29:14.382
989,333,False,False,2024-04-28 05:57:13.576
990,334,False,False,2024-04-18 13:15:13.659
991,334,False,False,2024-06-02 02:30:06.849
992,334,False,False,2024-04-30 13:35:22.671
993,334,True,False,2024-10-14 00:41:44.867
994,335,False,False,2023-12-23 16:18:13.171
995,335,True,False,2024-10-13 07:58:42.180
996,336,False,False,2023-12-27 03:48:42.595
997,336,False,False,2024-02-14 07:20:02.829
998,336,False,False,2024-03-15 19:23:54.764
999,336,False,False,2024-09-29 00:33:50.669
1000,336,True,False,2024-10-13 11:42:56.727
1001,337,False,False,2023-11-11 13:00:20.028
1002,337,False,False,2024-01-14 03:31:50.068
1003,337,False,False,2023-10-20 00:16:21.286
1004,337,True,False,2024-10-13 04:09:14.796
1005,338,False,False,2023-10-29 04:14:41.401
1006,338,False,False,2024-06-20 18:15:47.510
1007,338,False,False,2023-11-15 11:07:34.005
1008,339,False,False,2024-03-17 00:43:57.645
1009,339,False,False,2024-06-27 10:06:35.117
1010,339,True,False,2024-10-13 17:45:36.459
1011,340,False,False,2024-06-26 11:20:46.875
1012,340,False,False,2024-03-30 00:17:23.835
1013,341,False,False,2024-06-06 15:42:51.487
1014,341,False,False,2024-03-12 02:07:43.656
1015,341,False,False,2024-07-15 12:23:01.530
1016,341,False,False,2024-08-26 05:52:14.548
1017,341,True,False,2024-10-13 10:19:54.382
1018,342,False,False,2023-12-19 15:50:38.373
1019,342,False,False,2024-08-08 17:20:06.004
1020,342,False,False,2024-09-19 12:45:45.892
1021,342,True,False,2024-10-13 16:51:55.381
1022,343,False,False,2024-04-05 02:17:36.668
1023,343,False,False,2024-05-08 04:41:19.113
1024,343,False,False,2024-10-14 00:02:14.258
1025,343,True,False,2024-10-14 01:18:33.637
1026,344,False,False,2024-01-15 07:24:50.998
1027,344,True,False,2024-10-13 13:00:07.857
1028,345,False,False,2024-09-07 21:39:33.889
1029,345,False,False,2024-07-05 09:23:26.168
1030,345,False,False,2024-02-17 18:43:35.677
1031,345,True,False,2024-10-13 11:15:22.986
1032,346,False,False,2024-08-17 08:18:52.105
1033,346,False,False,2024-10-10 08:52:02.864
1034,346,False,False,2024-05-27 11:18:15.102
1035,346,False,False,2024-02-13 10:08:08.514
1036,346,True,False,2024-10-13 09:27:14.474
1037,347,False,False,2024-05-20 01:53:09.671
1038,347,False,False,2024-03-06 19:36:53.630
1039,347,False,False,2024-06-08 08:02:23.391
1040,347,True,False,2024-10-13 04:32:42.708
1041,348,False,False,2024-01-11 06:26:50.099
1042,348,False,False,2024-08-20 04:22:54.662
1043,348,False,False,2024-02-10 20:11:54.333
1044,348,False,False,2024-09-28 16:53:12.620
1045,349,False,False,2024-03-12 06:24:20.882
1046,349,False,False,2024-01-23 06:47:37.021
1047,349,False,False,2024-07-25 00:04:10.446
1048,349,False,False,2024-03-14 14:47:59.075
1049,350,False,False,2024-09-17 07:05:07.902
1050,350,False,False,2024-07-22 00:40:16.230
1051,350,False,False,2024-07-28 07:37:09.455
1052,350,False,False,2024-08-22 04:30:25.923
1053,350,False,False,2024-05-30 10:47:48.641
1054,350,True,False,2024-10-13 22:58:42.770
1055,351,False,False,2024-08-03 11:55:24.564
1056,352,False,False,2024-05-27 10:26:26.700
1057,352,False,False,2023-11-07 13:54:56.602
1058,352,False,False,2023-11-14 21:09:24.792
1059,352,False,False,2024-07-15 23:36:58.304
1060,352,False,False,2024-05-24 17:01:51.959
1061,352,True,False,2024-10-13 22:58:39.698
1062,353,False,False,2023-11-08 12:42:00.287
1063,353,False,False,2024-06-09 07:06:37.846
1064,353,False,False,2024-08-06 05:09:27.446
1065,353,False,False,2023-12-28 14:16:13.776
1066,354,False,False,2024-03-07 07:44:45.396
1067,355,False,False,2024-08-18 07:40:06.078
1068,355,False,False,2023-10-24 16:23:37.716
1069,355,False,False,2024-08-25 16:30:33.241
1070,355,True,False,2024-10-14 03:12:33.686
1071,356,False,False,2024-07-15 12:05:00.528
1072,356,False,False,2024-01-13 02:17:52.236
1073,356,True,False,2024-10-13 23:50:36.295
1074,357,False,False,2024-04-30 03:18:31.452
1075,357,False,False,2023-11-27 14:13:07.586
1076,357,False,False,2024-07-20 10:35:43.230
1077,357,False,False,2024-02-14 06:55:55.641
1078,357,False,False,2024-09-27 10:52:44.173
1079,357,True,False,2024-10-13 04:42:14.951
1080,358,False,False,2024-03-03 01:33:07.321
1081,358,False,False,2024-08-23 20:24:18.115
1082,358,False,False,2024-02-04 09:31:19.977
1083,359,False,False,2024-09-05 18:04:46.778
1084,359,True,False,2024-10-13 10:56:05.877
1085,360,False,False,2024-02-18 12:17:37.548
1086,360,False,False,2023-10-15 14:38:43.338
1087,360,True,False,2024-10-13 08:11:14.648
1088,361,False,False,2024-03-01 09:10:16.397
1089,361,False,False,2024-02-14 03:16:21.563
1090,361,False,False,2023-11-13 02:11:49.716
1091,361,False,False,2024-02-17 11:09:29.561
1092,361,False,False,2023-12-23 11:00:36.994
1093,362,False,False,2023-11-14 00:53:03.039
1094,362,False,False,2024-05-16 13:23:40.573
1095,362,False,False,2024-08-05 21:51:41.803
1096,362,False,False,2024-03-11 14:35:13.068
1097,362,False,False,2023-11-01 07:39:14.796
1098,362,True,False,2024-10-13 06:42:21.824
1099,363,False,False,2023-11-24 16:07:00.614
1100,363,False,False,2024-07-31 16:28:53.407
1101,363,False,False,2024-03-31 09:54:42.660
1102,363,False,False,2024-05-22 15:56:16.535
1103,363,False,False,2024-04-22 11:16:04.061
1104,363,True,False,2024-10-13 22:46:33.505
1105,364,False,False,2024-05-13 15:32:07.788
1106,364,False,False,2023-12-19 15:35:15.827
1107,364,False,False,2024-05-12 15:14:14.068
1108,364,False,False,2024-07-08 04:01:49.957
1109,365,False,False,2024-02-25 01:53:47.911
1110,365,False,False,2024-08-18 01:47:06.774
1111,365,False,False,2023-12-17 20:51:15.870
1112,365,False,False,2024-02-03 11:48:46.307
1113,365,True,False,2024-10-13 04:54:25.768
1114,366,False,False,2024-03-18 10:13:13.050
1115,366,False,False,2024-10-08 00:10:42.444
1116,366,False,False,2024-08-14 20:47:19.381
1117,366,True,False,2024-10-14 03:05:56.359
1118,367,False,False,2024-06-15 12:00:32.098
1119,367,False,False,2023-11-06 02:54:55.076
1120,367,False,False,2023-10-31 13:59:18.003
1121,367,False,False,2024-04-28 13:22:01.336
1122,367,True,False,2024-10-14 03:22:58.236
1123,368,False,False,2023-11-11 00:25:44.278
1124,368,False,False,2024-01-25 17:36:35.827
1125,368,False,False,2024-07-06 20:26:24.675
1126,369,False,False,2024-02-10 02:52:51.536
1127,369,False,False,2024-03-17 23:08:36.343
1128,369,False,False,2024-04-19 16:38:42.074
1129,370,False,False,2024-08-29 00:03:00.928
1130,370,False,False,2024-02-10 12:31:39.912
1131,370,True,False,2024-10-13 16:08:20.501
1132,371,False,False,2023-11-17 14:08:24.903
1133,371,False,False,2024-01-20 00:57:22.051
1134,371,False,False,2024-05-25 12:27:08.670
1135,371,False,False,2024-05-07 05:30:13.575
1136,372,False,False,2024-10-12 09:09:24.713
1137,372,False,False,2024-06-11 13:53:48.321
1138,372,False,False,2024-01-28 04:36:21.763
1139,372,False,False,2024-06-30 22:40:10.382
1140,372,False,False,2023-10-17 04:45:59.406
1141,372,True,False,2024-10-14 03:43:14.972
1142,373,False,False,2024-09-12 10:35:59.086
1143,373,True,False,2024-10-13 06:44:35.844
1144,374,False,False,2024-04-07 03:17:27.242
1145,374,False,False,2024-07-06 17:41:11.821
1146,375,False,False,2024-03-24 15:01:23.998
1147,375,False,False,2024-08-07 14:48:37.872
1148,375,False,False,2023-11-08 21:57:02.767
1149,375,False,False,2024-01-22 16:27:15.226
1150,375,False,False,2024-10-14 01:27:48.277
1151,375,True,False,2024-10-13 20:48:43.946
1152,376,False,False,2023-12-06 08:32:42.098
1153,376,False,False,2024-02-08 05:48:26.417
1154,376,False,False,2024-07-11 09:52:50.549
1155,376,False,False,2024-07-06 15:38:45.445
1156,376,True,False,2024-10-13 04:45:55.599
1157,377,False,False,2024-06-16 09:15:19.499
1158,377,False,False,2024-05-26 07:58:13.357
1159,377,True,False,2024-10-13 05:44:26.225
1160,378,False,False,2023-12-07 06:09:21.633
1161,378,False,False,2024-06-12 18:36:12.708
1162,378,True,False,2024-10-13 18:51:20.519
1163,379,False,False,2023-11-12 21:57:25.248
1164,379,False,False,2024-08-03 20:56:07.262
1165,380,False,False,2024-04-29 15:06:07.534
1166,380,False,False,2023-11-08 13:02:49.123
1167,380,False,False,2024-01-06 06:49:44.842
1168,380,False,False,2024-04-01 14:02:58.758
1169,380,False,False,2024-06-14 00:07:33.312
1170,380,True,False,2024-10-13 18:06:01.939
1171,381,False,False,2023-11-22 12:18:48.602
1172,381,False,False,2024-09-04 19:16:16.049
1173,381,False,False,2024-06-13 12:05:53.706
1174,382,False,False,2024-07-05 13:33:08.737
1175,382,False,False,2023-12-30 03:02:30.185
1176,382,False,False,2024-08-23 18:01:15.899
1177,383,False,False,2024-05-20 04:48:19.995
1178,384,False,False,2023-11-24 03:28:04.477
1179,384,True,False,2024-10-14 01:33:55.697
1180,385,False,False,2024-05-03 16:35:20.766
1181,385,True,False,2024-10-14 01:23:19.613
1182,386,False,False,2024-07-17 13:12:03.214
1183,386,True,False,2024-10-14 02:08:13.165
1184,387,False,False,2024-06-11 04:47:32.672
1185,387,False,False,2024-03-20 10:10:23.155
1186,387,False,False,2023-11-25 13:55:50.675
1187,387,True,False,2024-10-14 03:25:37.670
1188,388,False,False,2024-07-02 02:50:14.279
1189,388,False,False,2023-11-02 14:39:23.241
1190,388,False,False,2024-08-15 09:50:52.071
1191,388,False,False,2024-08-09 08:32:28.230
1192,388,True,False,2024-10-13 18:54:43.740
1193,389,False,False,2024-01-05 11:50:20.061
1194,389,False,False,2024-06-02 21:20:51.752
1195,389,False,False,2024-07-25 07:49:40.031
